cell_id,row,col,corner_index,source_lon,source_lat,theta_rad,theta_deg,rho_unclipped,R,annulus_x,annulus_y
1,2,5,1,115.7000000000,39.5000000000,4.0608299284,232.668416,1.0510910645,1.8934274048,-1.1482251330,-1.5055385685
1,2,5,2,115.8000000000,39.5000000000,4.1239245576,236.283472,1.0219044028,1.8686187424,-1.0372411021,-1.5543059225
1,2,5,3,115.8000000000,39.6000000000,4.0608300145,232.668421,0.9197047424,1.7817490310,-1.0805002516,-1.4167387960
1,2,5,4,115.7000000000,39.6000000000,3.9954767028,228.923952,0.9877719026,1.8396061172,-1.2087318989,-1.3867652516
2,2,10,1,116.2000000000,39.5000000000,4.4338249483,254.039457,1.1003334424,1.9352834260,-0.5321551781,-1.8606807371
2,2,10,2,116.3000000000,39.5000000000,4.5239835056,259.205161,0.9911681431,1.8424929217,-0.3450857044,-1.8098884007
2,2,10,3,116.3000000000,39.6000000000,4.4978379087,257.707129,0.8792553110,1.7473670143,-0.3720298395,-1.7073035118
2,2,10,4,116.2000000000,39.6000000000,4.3964780595,251.899638,0.9826826838,1.8352802812,-0.5701893612,-1.7444591721
3,2,11,1,116.3000060000,39.5000000000,4.5239890250,259.205478,0.9911652672,1.8424904771,-0.3450752571,-1.8098879040
3,2,11,2,116.4000060000,39.5000000000,4.6173484748,264.554580,0.9399859547,1.7989880615,-0.1707194542,-1.7908693178
3,2,11,3,116.4000060000,39.6000000000,4.6038710466,263.782380,0.8245841079,1.7008964917,-0.1842157171,-1.6908913168
3,2,11,4,116.3000060000,39.6000000000,4.4978441495,257.707487,0.8792524350,1.7473645698,-0.3720186640,-1.7073034450
4,2,12,1,116.4000000000,39.5000000000,4.6173428064,264.554255,0.9399869610,1.7989889169,-0.1707296869,-1.7908692015
4,2,12,2,116.5000000000,39.5000000000,4.7123889804,270.000000,1.0639105064,1.9043239304,-0.0000000000,-1.9043239304
4,2,12,3,116.5000000000,39.6000000000,4.7123889804,270.000000,0.9309218593,1.7912835804,-0.0000000000,-1.7912835804
4,2,12,4,116.4000000000,39.6000000000,4.6038645861,263.782010,0.8245851142,1.7008973471,-0.1842267337,-1.6908909769
5,3,3,1,115.5000000000,39.6000000000,3.8841725157,222.546692,1.0186120001,1.8658202001,-1.3745992478,-1.2616504774
5,3,3,2,115.6000000000,39.6000000000,3.9367997126,225.562008,0.9850160228,1.8372636194,-1.2863361268,-1.3118220061
5,3,3,3,115.6000000000,39.7000000000,3.8599271113,221.157533,0.9121052172,1.7752894346,-1.3366205973,-1.1683740649
5,3,3,4,115.5000000000,39.7000000000,3.8081790276,218.192586,0.9980073361,1.8483062357,-1.4526520894,-1.1428201294
6,3,4,1,115.5999940000,39.6000000000,3.9367963799,225.561817,0.9850191925,1.8372663137,-1.2863423851,-1.3118196429
6,3,4,2,115.6999940000,39.6000000000,3.9954729879,228.923739,0.9877772610,1.8396106719,-1.2087400432,-1.3867641948
6,3,4,3,115.6999940000,39.7000000000,3.9186132808,224.520003,0.8593967991,1.7304872793,-1.2338473133,-1.2133453883
6,3,4,4,115.5999940000,39.7000000000,3.8599238079,221.157343,0.9121068382,1.7752908125,-1.3366254943,-1.1683705563
7,3,5,1,115.7000000000,39.6000000000,3.9954767028,228.923952,0.9877719026,1.8396061172,-1.2087318989,-1.3867652516
7,3,5,2,115.8000000000,39.6000000000,4.0608300145,232.668421,0.9197047424,1.7817490310,-1.0805002516,-1.4167387960
7,3,5,3,115.8000000000,39.7000000000,3.9852500592,228.338009,0.8594198198,1.7305068468,-1.1503283058,-1.2928258722
7,3,5,4,115.7000000000,39.7000000000,3.9186170303,224.520217,0.8593936294,1.7304845850,-1.2338408428,-1.2133481254
8,3,6,1,115.8000060000,39.6000000000,4.0608341476,232.668658,0.9196997855,1.7817448177,-1.0804918409,-1.4167399115
8,3,6,2,115.9000060000,39.6000000000,4.1334113349,236.827024,0.9412193018,1.8000364066,-0.9849232010,-1.5066709505
8,3,6,3,115.9000060000,39.7000000000,4.0608349513,232.668704,0.7883134634,1.6700664439,-1.0127663889,-1.3279405742
8,3,6,4,115.8000060000,39.7000000000,3.9852543159,228.338253,0.8594144614,1.7305022922,-1.1503197750,-1.2928273661
9,3,7,1,115.9000000000,39.6000000000,4.1334067550,236.826762,0.9412170021,1.8000344517,-0.9849290318,-1.5066648034
9,3,7,2,116.0000000000,39.6000000000,4.2135759231,241.420117,0.9781065108,1.8313905342,-0.8761071252,-1.6082374184
9,3,7,3,116.0000000000,39.7000000000,4.1462349109,237.561761,0.8122333578,1.6903983541,-0.9067130660,-1.4266457204
9,3,7,4,115.9000000000,39.7000000000,4.0608301293,232.668428,0.7883184203,1.6700706573,-1.0127753473,-1.3279390408
10,3,8,1,116.0000000000,39.6000000000,4.2135759231,241.420117,0.9781065108,1.8313905342,-0.8761071252,-1.6082374184
10,3,8,2,116.1000000000,39.6000000000,4.3013980407,246.451954,0.9675204655,1.8223923957,-0.7280784623,-1.6706333519
10,3,8,3,116.1000000000,39.7000000000,4.2420084579,243.049181,0.8299834799,1.7054859579,-0.7729697505,-1.5202631737
10,3,8,4,116.0000000000,39.7000000000,4.1462349109,237.561761,0.8122333578,1.6903983541,-0.9067130660,-1.4266457204
11,3,9,1,116.0999940000,39.6000000000,4.3013925470,246.451639,0.9675205369,1.8223924564,-0.7280876645,-1.6706294077
11,3,9,2,116.1999940000,39.6000000000,4.3964721533,251.899299,0.9826816016,1.8352793614,-0.5701993784,-1.7444549301
11,3,9,3,116.1999940000,39.7000000000,4.3480705682,249.126093,0.8345686686,1.7093833683,-0.6090747029,-1.5971911302
11,3,9,4,116.0999940000,39.7000000000,4.2420023978,243.048834,0.8299835513,1.7054860186,-0.7729789909,-1.5202585435
12,3,10,1,116.2000000000,39.6000000000,4.3964780595,251.899638,0.9826826838,1.8352802812,-0.5701893612,-1.7444591721
12,3,10,2,116.3000000000,39.6000000000,4.4978379087,257.707129,0.8792553110,1.7473670143,-0.3720298395,-1.7073035118
12,3,10,3,116.3000000000,39.7000000000,4.4634403067,255.736292,0.7807412227,1.6636300393,-0.4098937860,-1.6123436333
12,3,10,4,116.2000000000,39.7000000000,4.3480772266,249.126474,0.8345697508,1.7093842882,-0.6090643958,-1.5971960451
13,3,11,1,116.3000060000,39.6000000000,4.4978441495,257.707487,0.8792524350,1.7473645698,-0.3720186640,-1.7073034450
13,3,11,2,116.4000060000,39.6000000000,4.6038710466,263.782380,0.8245841079,1.7008964917,-0.1842157171,-1.6908913168
13,3,11,3,116.4000060000,39.7000000000,4.5859633393,262.756344,0.7091822611,1.6028049219,-0.2020962685,-1.5900128037
13,3,11,4,116.3000060000,39.7000000000,4.4634474704,255.736702,0.7807232766,1.6636147851,-0.4098784774,-1.6123317857
14,3,12,1,116.4000000000,39.6000000000,4.6038645861,263.782010,0.8245851142,1.7008973471,-0.1842267337,-1.6908909769
14,3,12,2,116.5000000000,39.6000000000,4.7123889804,270.000000,0.9309218593,1.7912835804,-0.0000000000,-1.7912835804
14,3,12,3,116.5000000000,39.7000000000,4.7123889804,270.000000,0.7979332123,1.6782432304,-0.0000000000,-1.6782432304
14,3,12,4,116.4000000000,39.7000000000,4.5859558339,262.755914,0.7091832674,1.6028057773,-0.2021083101,-1.5900121354
15,3,13,1,116.5000000000,39.6000000000,4.7123889804,270.000000,0.9309218593,1.7912835804,-0.0000000000,-1.7912835804
15,3,13,2,116.6000000000,39.6000000000,4.8209133746,276.217990,1.0247679282,1.8710527389,0.2026565185,-1.8600453455
15,3,13,3,116.6000000000,39.7000000000,4.8388221269,277.244086,0.8686979505,1.7383932579,0.2192054262,-1.7245173528
15,3,13,4,116.5000000000,39.7000000000,4.7123889804,270.000000,0.7979332123,1.6782432304,-0.0000000000,-1.6782432304
16,3,14,1,116.5999940000,39.6000000000,4.8209069142,276.217620,1.0247655862,1.8710507483,0.2026442861,-1.8600446758
16,3,14,2,116.6999940000,39.6000000000,4.9269338113,282.292513,0.9843074658,1.8366613459,0.3910301903,-1.7945529499
16,3,14,3,116.6999940000,39.7000000000,4.9613304904,284.263298,0.8681633676,1.7379388625,0.4281903125,-1.6843647307
16,3,14,4,116.5999940000,39.7000000000,4.8388146215,277.243656,0.8687136631,1.7384066137,0.2191941670,-1.7245322472
17,3,15,1,116.7000000000,39.6000000000,4.9269400521,282.292871,0.9843096226,1.8366631792,0.3910417801,-1.7945523008
17,3,15,2,116.8000000000,39.6000000000,5.0282999013,288.100362,1.0050121006,1.8542602855,0.5760861153,-1.7624999275
17,3,15,3,116.8000000000,39.7000000000,5.0767007341,290.873526,0.9095519390,1.7731191482,0.6317735281,-1.6567479358
17,3,15,4,116.7000000000,39.7000000000,4.9613376541,284.263708,0.8681664715,1.7379415008,0.4282030288,-1.6843642202
18,4,3,1,115.5000000000,39.7000000000,3.8081790276,218.192586,0.9980073361,1.8483062357,-1.4526520894,-1.1428201294
18,4,3,2,115.6000000000,39.7000000000,3.8599271113,221.157533,0.9121052172,1.7752894346,-1.3366205973,-1.1683740649
18,4,3,3,115.6000000000,39.8000000000,3.7711507394,216.071021,0.8864485284,1.7534812491,-1.4173174676,-1.0324280541
18,4,3,4,115.5000000000,39.8000000000,3.7218905485,213.248620,0.9445054969,1.8028296724,-1.5077052999,-0.9884429960
19,4,4,1,115.5999940000,39.7000000000,3.8599238079,221.157343,0.9121068382,1.7752908125,-1.3366254943,-1.1683705563
19,4,4,2,115.6999940000,39.7000000000,3.9186132808,224.520003,0.8593967991,1.7304872793,-1.2338473133,-1.2133453883
19,4,4,3,115.6999940000,39.8000000000,3.8281033169,219.334164,0.7885379108,1.6702572242,-1.2918811744,-1.0586794728
19,4,4,4,115.5999940000,39.8000000000,3.7711475666,216.070839,0.8864534582,1.7534854395,-1.4173241302,-1.0324260246
20,4,5,1,115.7000000000,39.7000000000,3.9186170303,224.520217,0.8593936294,1.7304845850,-1.2338408428,-1.2133481254
20,4,5,2,115.8000000000,39.7000000000,3.9852500592,228.338009,0.8594198198,1.7305068468,-1.1503283058,-1.2928258722
20,4,5,3,115.8000000000,39.8000000000,3.8942451568,223.123812,0.7113209524,1.6046228095,-1.1711792849,-1.0968835141
20,4,5,4,115.7000000000,39.8000000000,3.8281069938,219.334374,0.7885297124,1.6702502556,-1.2918718918,-1.0586798058
21,4,6,1,115.8000060000,39.7000000000,3.9852543159,228.338253,0.8594144614,1.7305022922,-1.1503197750,-1.2928273661
21,4,6,2,115.9000060000,39.7000000000,4.0608349513,232.668704,0.7883134634,1.6700664439,-1.0127663889,-1.3279405742
21,4,6,3,115.9000060000,39.8000000000,3.9712441739,227.535531,0.7186203272,1.6108272782,-1.0875224485,-1.1883010747
21,4,6,4,115.8000060000,39.8000000000,3.8942494334,223.124057,0.7113141236,1.6046170051,-1.1711703575,-1.0968845549
22,4,7,1,115.9000000000,39.7000000000,4.0608301293,232.668428,0.7883184203,1.6700706573,-1.0127753473,-1.3279390408
22,4,7,2,116.0000000000,39.7000000000,4.1462349109,237.561761,0.8122333578,1.6903983541,-0.9067130660,-1.4266457204
22,4,7,3,116.0000000000,39.8000000000,4.0608302901,232.668437,0.6569320982,1.5583922835,-0.9450504065,-1.2391393136
22,4,7,4,115.9000000000,39.8000000000,3.9712391935,227.535245,0.7186202034,1.6108271729,-1.0875282957,-1.1882955806
23,4,8,1,116.0000000000,39.7000000000,4.1462349109,237.561761,0.8122333578,1.6903983541,-0.9067130660,-1.4266457204
23,4,8,2,116.1000000000,39.7000000000,4.2420084579,243.049181,0.8299834799,1.7054859579,-0.7729697505,-1.5202631737
23,4,8,3,116.1000000000,39.8000000000,4.1645517241,238.611237,0.6996534070,1.5947053959,-0.8305898921,-1.3613249909
23,4,8,4,116.0000000000,39.8000000000,4.0608302901,232.668437,0.6569320982,1.5583922835,-0.9450504065,-1.2391393136
24,4,9,1,116.0999940000,39.7000000000,4.2420023978,243.048834,0.8299835513,1.7054860186,-0.7729789909,-1.5202585435
24,4,9,2,116.1999940000,39.7000000000,4.3480705682,249.126093,0.8345686686,1.7093833683,-0.6090747029,-1.5971911302
24,4,9,3,116.1999940000,39.8000000000,4.2832252653,245.410730,0.6912565180,1.5875680403,-0.6606037348,-1.4435979316
24,4,9,4,116.0999940000,39.8000000000,4.1645450548,238.610855,0.6996576171,1.5947089745,-0.8306008350,-1.3613225063
25,4,10,1,116.2000000000,39.7000000000,4.3480772266,249.126474,0.8345697508,1.7093842882,-0.6090643958,-1.5971960451
25,4,10,2,116.3000000000,39.7000000000,4.4634403067,255.736292,0.7807412227,1.6636300393,-0.4098937860,-1.6123436333
25,4,10,3,116.3000000000,39.8000000000,4.4162903280,253.034797,0.6970821962,1.5925198668,-0.4646827533,-1.5232168148
25,4,10,4,116.2000000000,39.8000000000,4.2832328327,245.411164,0.6912564465,1.5875679796,-0.6605927853,-1.4436028754
26,4,11,1,116.3000060000,39.7000000000,4.4634474704,255.736702,0.7807232766,1.6636147851,-0.4098784774,-1.6123317857
26,4,11,2,116.4000060000,39.7000000000,4.5859633393,262.756344,0.7091822611,1.6028049219,-0.2020962685,-1.5900128037
26,4,11,3,116.4000060000,39.8000000000,4.5610312899,261.327843,0.5945635713,1.5053790356,-0.2269817125,-1.4881684525
26,4,11,4,116.3000060000,39.8000000000,4.4162987008,253.035277,0.6970776970,1.5925160424,-0.4646688838,-1.5232170475
27,4,12,1,116.4000000000,39.7000000000,4.5859558339,262.755914,0.7091832674,1.6028057773,-0.2021083101,-1.5900121354
27,4,12,2,116.5000000000,39.7000000000,4.7123889804,270.000000,0.7979332123,1.6782432304,-0.0000000000,-1.6782432304
27,4,12,3,116.5000000000,39.8000000000,4.7123889804,270.000000,0.6649445652,1.5652028804,-0.0000000000,-1.5652028804
27,4,12,4,116.4000000000,39.8000000000,4.5610223459,261.327331,0.5945703639,1.5053848093,-0.2269958932,-1.4881721300
28,4,13,1,116.5000000000,39.7000000000,4.7123889804,270.000000,0.7979332123,1.6782432304,-0.0000000000,-1.6782432304
28,4,13,2,116.6000000000,39.7000000000,4.8388221269,277.244086,0.8686979505,1.7383932579,0.2192054262,-1.7245173528
28,4,13,3,116.6000000000,39.8000000000,4.8637556148,278.672669,0.7159305338,1.6085409537,0.2425507341,-1.5901487796
28,4,13,4,116.5000000000,39.8000000000,4.7123889804,270.000000,0.6649445652,1.5652028804,-0.0000000000,-1.5652028804
29,4,14,1,116.5999940000,39.7000000000,4.8388146215,277.243656,0.8687136631,1.7384066137,0.2191941670,-1.7245322472
29,4,14,2,116.6999940000,39.7000000000,4.9613304904,284.263298,0.8681633676,1.7379388625,0.4281903125,-1.6843647307
29,4,14,3,116.6999940000,39.8000000000,5.0084792600,286.964723,0.7176959541,1.6100415610,0.4697825297,-1.5399799359
29,4,14,4,116.5999940000,39.8000000000,4.8637466709,278.672157,0.7159305879,1.6085409997,0.2425365188,-1.5901509944
30,4,15,1,116.7000000000,39.7000000000,4.9613376541,284.263708,0.8681664715,1.7379415008,0.4282030288,-1.6843642202
30,4,15,2,116.8000000000,39.7000000000,5.0767007341,290.873526,0.9095519390,1.7731191482,0.6317735281,-1.6567479358
30,4,15,3,116.8000000000,39.8000000000,5.1415451281,294.588836,0.8018631263,1.6815836573,0.6997130492,-1.5290929486
30,4,15,4,116.7000000000,39.8000000000,5.0084876328,286.965203,0.7176891744,1.6100357983,0.4697937422,-1.5399704905
31,4,16,1,116.8000060000,39.7000000000,5.0767073926,290.873907,0.9095593452,1.7731254434,0.6317868025,-1.6567496112
31,4,16,2,116.9000060000,39.7000000000,5.1827755629,296.951166,1.0017707503,1.8515051377,0.8391593700,-1.6504189852
31,4,16,3,116.9000060000,39.8000000000,5.2602329059,301.389145,0.9442873095,1.8026442131,0.9389034693,-1.5388263172
31,4,16,4,116.8000060000,39.8000000000,5.1415526954,294.589270,0.8018659847,1.6815860870,0.6997256315,-1.5290898629
32,5,3,1,115.5000000000,39.8000020000,3.7218887144,213.248515,0.9445058101,1.8028299386,-1.5077073353,-0.9884403767
32,5,3,2,115.6000000000,39.8000020000,3.7711488357,216.070912,0.8864479405,1.7534807494,-1.4173190291,-1.0324250618
32,5,3,3,115.6000000000,39.9000020000,3.6692301637,210.231402,0.9146593474,1.7774604453,-1.5357240100,-0.8949398862
32,5,3,4,115.5000000000,39.9000020000,3.6246264954,207.675801,1.0151309141,1.8628612770,-1.6497310908,-0.8652395421
33,5,4,1,115.5999940000,39.8000020000,3.7711456630,216.070730,0.8864528703,1.7534849397,-1.4173256917,-1.0324230323
33,5,4,2,115.6999940000,39.8000020000,3.8281013559,219.334051,0.7885391291,1.6702582598,-1.2918840515,-1.0586775958
33,5,4,3,115.6999940000,39.9000020000,3.7218850463,213.248305,0.7556108161,1.6422691937,-1.3734336286,-0.9004044493
33,5,4,4,115.5999940000,39.9000020000,3.6692272636,210.231236,0.9146660128,1.7774661109,-1.5357315004,-0.8949382850
34,5,5,1,115.7000000000,39.8000020000,3.8281050328,219.334262,0.7885309308,1.6702512911,-1.2918747689,-1.0586779288
34,5,5,2,115.8000000000,39.8000020000,3.8942431611,223.123698,0.7113212939,1.6046230998,-1.1711816858,-1.0968813752
34,5,5,3,115.8000000000,39.9000020000,3.7846118305,216.842285,0.6927255838,1.5888167462,-1.2715126702,-0.9526773759
34,5,5,4,115.7000000000,39.9000020000,3.7218884852,213.248502,0.7556046794,1.6422639775,-1.3734261699,-0.9004063124
35,5,6,1,115.8000060000,39.8000020000,3.8942474377,223.123943,0.7113144651,1.6046172953,-1.1711727584,-1.0968824160
35,5,6,2,115.9000060000,39.8000020000,3.9712421818,227.535416,0.7186174032,1.6108247927,-1.0875231378,-1.1882970747
35,5,6,3,115.9000060000,39.9000020000,3.8599300018,221.157698,0.6080666656,1.5168566658,-1.1420429257,-0.9982945959
35,5,6,4,115.8000060000,39.9000020000,3.7846159436,216.842521,0.6927206540,1.5888125559,-1.2715053982,-0.9526800932
36,5,7,1,115.9000000000,39.8000020000,3.9712372013,227.535131,0.7186172793,1.6108246874,-1.0875289849,-1.1882915806
36,5,7,2,116.0000000000,39.8000020000,4.0608283613,232.668326,0.6569311228,1.5583914544,-0.9450522937,-1.2391368315
36,5,7,3,116.0000000000,39.9000020000,3.9508747279,226.368447,0.5744806116,1.4883085198,-1.0269600248,-1.0772257692
36,5,7,4,115.9000000000,39.9000020000,3.8599250466,221.157414,0.6080682866,1.5168580436,-1.1420489098,-0.9982898438
37,5,8,1,116.0000000000,39.8000020000,4.0608283613,232.668326,0.6569311228,1.5583914544,-0.9450522937,-1.2391368315
37,5,8,2,116.1000000000,39.8000020000,4.1645499456,238.611135,0.6996517311,1.5947039714,-0.8305915712,-1.3613222977
37,5,8,3,116.1000000000,39.9000020000,4.0608281202,232.668313,0.5255448007,1.4467130806,-0.8773276724,-1.1503368606
37,5,8,4,116.0000000000,39.9000020000,3.9508747279,226.368447,0.5744806116,1.4883085198,-1.0269600248,-1.0772257692
38,5,9,1,116.0999940000,39.8000020000,4.1645432764,238.610753,0.6996559411,1.5947075500,-0.8306025141,-1.3613198131
38,5,9,2,116.1999940000,39.8000020000,4.2832237518,245.410644,0.6912537672,1.5875657021,-0.6606049468,-1.4435948057
38,5,9,3,116.1999940000,39.9000020000,4.1928015723,240.229834,0.5456918124,1.4638380406,-0.7268278507,-1.2706467190
38,5,9,4,116.0999940000,39.9000020000,4.0608208873,232.667898,0.5255497576,1.4467172940,-0.8773385477,-1.1503338651
39,5,10,1,116.2000000000,39.8000020000,4.2832313192,245.411077,0.6912536958,1.5875656414,-0.6605939972,-1.4435997495
39,5,10,2,116.3000000000,39.8000020000,4.4162892116,253.034733,0.6970800078,1.5925180066,-0.4646839110,-1.5232145168
39,5,10,3,116.3000000000,39.9000020000,4.3480758394,249.126395,0.5563773653,1.4729207605,-0.5248128596,-1.3762510778
39,5,10,4,116.2000000000,39.9000020000,4.1928101921,240.230328,0.5456876024,1.4638344620,-0.7268151212,-1.2706498777
40,5,11,1,116.3000060000,39.8000020000,4.4162975844,253.035213,0.6970755086,1.5925141823,-0.4646700415,-1.5232147496
40,5,11,2,116.4000060000,39.8000020000,4.5610306936,261.327809,0.5945616458,1.5053773990,-0.2269823530,-1.4881666992
40,5,11,3,116.4000060000,39.9000020000,4.5239938545,259.205754,0.4955795169,1.4212425894,-0.2661740917,-1.3960952155
40,5,11,4,116.3000060000,39.9000020000,4.3480858272,249.126967,0.5563784475,1.4729216804,-0.5247994417,-1.3762571789
41,5,12,1,116.4000000000,39.8000020000,4.5610217497,261.327297,0.5945684384,1.5053831727,-0.2269965337,-1.4881703767
41,5,12,2,116.5000000000,39.8000020000,4.7123889804,270.000000,0.6649419054,1.5652006196,-0.0000000000,-1.5652006196
41,5,12,3,116.5000000000,39.9000020000,4.7123889804,270.000000,0.5319532584,1.4521602696,-0.0000000000,-1.4521602696
41,5,12,4,116.4000000000,39.9000020000,4.5239828157,259.205122,0.4955823929,1.4212450339,-0.2661899607,-1.3960946785
42,5,13,1,116.5000000000,39.8000020000,4.7123889804,270.000000,0.6649419054,1.5652006196,-0.0000000000,-1.5652006196
42,5,13,2,116.6000000000,39.8000020000,4.8637562111,278.672703,0.7159276665,1.6085385165,0.2425513147,-1.5901462256
42,5,13,3,116.6000000000,39.9000020000,4.9007951451,280.794878,0.5725615043,1.4866772786,0.2784449950,-1.4603690340
42,5,13,4,116.5000000000,39.9000020000,4.7123889804,270.000000,0.5319532584,1.4521602696,-0.0000000000,-1.4521602696
43,5,14,1,116.5999940000,39.8000020000,4.8637472671,278.672191,0.7159277206,1.6085385625,0.2425370994,-1.5901484404
43,5,14,2,116.6999940000,39.8000020000,5.0084803763,286.964787,0.7176921794,1.6100383525,0.4697833127,-1.5399763426
43,5,14,3,116.6999940000,39.9000020000,5.0766921336,290.873033,0.6063590553,1.5154051970,0.5399362451,-1.4159525989
43,5,14,4,116.5999940000,39.9000020000,4.9007841063,280.794246,0.5725615584,1.4866773246,0.2784288829,-1.4603721528
44,5,15,1,116.7000000000,39.8000020000,5.0084887492,286.965267,0.7176853997,1.6100325897,0.4697945251,-1.5399668971
44,5,15,2,116.8000000000,39.8000020000,5.1415466415,294.588923,0.8018604905,1.6815814169,0.6997144313,-1.5290898523
44,5,15,3,116.8000000000,39.9000020000,5.2319677687,299.769672,0.7460356037,1.6341302632,0.8113694657,-1.4184714686
44,5,15,4,116.7000000000,39.9000020000,5.0767021213,290.873605,0.6063664614,1.5154114922,0.5399526302,-1.4159530882
45,5,16,1,116.8000060000,39.8000020000,5.1415542089,294.589356,0.8018633490,1.6815838466,0.6997270135,-1.5290867666
45,5,16,2,116.9000060000,39.8000020000,5.2602346844,301.389247,0.9442842835,1.8026416410,0.9389048664,-1.5388224517
45,5,16,3,116.9000060000,39.9000020000,5.3639570735,307.332102,1.4361331276,2.2207131585,1.3467159517,-1.7657641625
45,5,16,4,116.8000060000,39.9000020000,5.2319763884,299.770166,0.7460384205,1.6341326574,0.8113828813,-1.4184665530
46,6,2,1,115.4000000000,39.9000000000,3.5865054184,205.491624,1.0848362305,1.9221107959,-1.7349898752,-0.8272363899
46,6,2,2,115.5000000000,39.9000000000,3.6246285521,207.675918,1.0151325045,1.8628626289,-1.6497305085,-0.8652435629
46,6,2,3,115.5000000000,40.0000000000,3.5163593102,201.472548,0.9410028172,1.7998523947,-1.6749301544,-0.6588456727
46,6,2,4,115.4000000000,40.0000000000,3.4850196298,199.676916,1.0463995447,1.8894396130,-1.7791082043,-0.6362044078
47,6,3,1,115.5000000000,39.9000000000,3.6246285521,207.675918,1.0151325045,1.8628626289,-1.6497305085,-0.8652435629
47,6,3,2,115.6000000000,39.9000000000,3.6692323388,210.231527,0.9146589217,1.7774600835,-1.5357217507,-0.8949430443
47,6,3,3,115.6000000000,40.0000000000,3.5536366185,203.608380,0.8489835128,1.7216359859,-1.5775422230,-0.6894860424
47,6,3,4,115.5000000000,40.0000000000,3.5163593102,201.472548,0.9410028172,1.7998523947,-1.6749301544,-0.6588456727
48,6,4,1,115.5999940000,39.9000000000,3.6692294387,210.231361,0.9146655871,1.7774657490,-1.5357292412,-0.8949414431
48,6,4,2,115.6999940000,39.9000000000,3.7218873389,213.248436,0.7556105030,1.6422689275,-1.3734313418,-0.9004074521
48,6,4,3,115.6999940000,40.0000000000,3.5985723566,206.183008,0.7962056224,1.6767747791,-1.5047196842,-0.7398596701
48,6,4,4,115.5999940000,40.0000000000,3.5536341721,203.608240,0.8489860342,1.7216381291,-1.5775458736,-0.6894830413
49,6,5,1,115.7000000000,39.9000000000,3.7218907778,213.248633,0.7556043662,1.6422637113,-1.3734238831,-0.9004093152
49,6,5,2,115.8000000000,39.9000000000,3.7846142298,216.842422,0.6927261717,1.5888172460,-1.2715107844,-0.9526807263
49,6,5,3,115.8000000000,40.0000000000,3.6535556372,209.333318,0.7137665406,1.6067015595,-1.4006975845,-0.7871062050
49,6,5,4,115.7000000000,40.0000000000,3.5985753263,206.183178,0.7962014402,1.6767712242,-1.5047142969,-0.7398625702
50,6,6,1,115.8000060000,39.9000000000,3.7846183430,216.842658,0.6927212419,1.5888130556,-1.2715035124,-0.9526834436
50,6,6,2,115.9000060000,39.9000000000,3.8599324793,221.157840,0.6080688955,1.5168585611,-1.1420418794,-0.9982986728
50,6,6,3,115.9000060000,40.0000000000,3.7218957451,213.248918,0.5666970988,1.4816925340,-1.2391342952,-0.8123785840
50,6,6,4,115.8000060000,40.0000000000,3.6535592979,209.333528,0.7137598752,1.6066958939,-1.4006897640,-0.7871085570
51,6,7,1,115.9000000000,39.9000000000,3.8599275242,221.157556,0.6080705165,1.5168599390,-1.1420478635,-0.9982939207
51,6,7,2,116.0000000000,39.9000000000,3.9508772251,226.368590,0.5744835356,1.4883110053,-1.0269590498,-1.0772301326
51,6,7,3,116.0000000000,40.0000000000,3.8081798375,218.192632,0.4990038150,1.4241532428,-1.1192938841,-0.8805643985
51,6,7,4,115.9000000000,40.0000000000,3.7218911599,213.248655,0.5667032355,1.4816977502,-1.2391423824,-0.8123757622
52,6,8,1,116.0000000000,39.9000000000,3.9508772251,226.368590,0.5744835356,1.4883110053,-1.0269590498,-1.0772301326
52,6,8,2,116.1000000000,39.9000000000,4.0608305311,232.668451,0.5255457761,1.4467139097,-0.8773254017,-1.1503396350
52,6,8,3,116.1000000000,40.0000000000,3.9186178635,224.520265,0.4296971787,1.3652426019,-0.9734213855,-0.9572555396
52,6,8,4,116.0000000000,40.0000000000,3.8081798375,218.192632,0.4990038150,1.4241532428,-1.1192938841,-0.8805643985
53,6,9,1,116.0999940000,39.9000000000,4.0608232983,232.668036,0.5255507330,1.4467181231,-0.8773362771,-1.1503366396
53,6,9,2,116.1999940000,39.9000000000,4.1928037273,240.229958,0.5456934884,1.4638394651,-0.7268258198,-1.2706495218
53,6,9,3,116.1999940000,40.0000000000,4.0608212892,232.667921,0.3941644109,1.3350397493,-0.8096130616,-1.0615355965
53,6,9,4,116.0999940000,40.0000000000,3.9186103646,224.519835,0.4297003484,1.3652452961,-0.9734304849,-0.9572501291
54,6,10,1,116.2000000000,39.9000000000,4.1928123470,240.230452,0.5456892783,1.4638358865,-0.7268130903,-1.2706526805
54,6,10,2,116.3000000000,39.9000000000,4.3480775041,249.126490,0.5563803276,1.4729232784,-0.5248114659,-1.3762543041
54,6,10,3,116.3000000000,40.0000000000,4.2420091312,243.049220,0.4149924276,1.3527435635,-0.6130970854,-1.2058304658
54,6,10,4,116.2000000000,40.0000000000,4.0608309330,232.668474,0.3941594540,1.3350355359,-0.8096002692,-1.0615400540
55,6,11,1,116.3000060000,39.9000000000,4.3480874917,249.127062,0.5563814098,1.4729241983,-0.5247980480,-1.3762604051
55,6,11,2,116.4000060000,39.9000000000,4.5239947743,259.205807,0.4955817552,1.4212444919,-0.2661731638,-1.3960973292
55,6,11,3,116.4000060000,40.0000000000,4.4634550321,255.737135,0.3903528174,1.3317998948,-0.3281167495,-1.2907479841
55,6,11,4,116.3000060000,40.0000000000,4.2420212514,243.049914,0.4149923562,1.3527435028,-0.6130824430,-1.2058378425
56,6,12,1,116.4000000000,39.9000000000,4.5239837356,259.205175,0.4955846311,1.4212469365,-0.2661890327,-1.3960967922
56,6,12,2,116.5000000000,39.9000000000,4.7123889804,270.000000,0.5319559181,1.4521625304,-0.0000000000,-1.4521625304
56,6,12,3,116.5000000000,40.0000000000,4.7123889804,270.000000,0.3989672711,1.3391221804,-0.0000000000,-1.3391221804
56,6,12,4,116.4000000000,40.0000000000,4.4634407047,255.736314,0.3903707635,1.3318151489,-0.3281390010,-1.2907580668
57,6,13,1,116.5000000000,39.9000000000,4.7123889804,270.000000,0.5319559181,1.4521625304,-0.0000000000,-1.4521625304
57,6,13,2,116.6000000000,39.9000000000,4.9007942252,280.794825,0.5725643716,1.4866797159,0.2784441081,-1.4603716843
57,6,13,3,116.6000000000,40.0000000000,4.9613372561,284.263686,0.4340838730,1.3689712920,0.3372937096,-1.3267687635
57,6,13,4,116.5000000000,40.0000000000,4.7123889804,270.000000,0.3989672711,1.3391221804,-0.0000000000,-1.3391221804
58,6,14,1,116.5999940000,39.9000000000,4.9007831865,280.794193,0.5725644257,1.4866797619,0.2784279960,-1.4603748030
58,6,14,2,116.6999940000,39.9000000000,5.0766904690,290.872938,0.6063608527,1.5154067248,0.5399344325,-1.4159549252
58,6,14,3,116.6999940000,40.0000000000,5.1827567094,296.950086,0.5007982332,1.4256784982,0.6461376121,-1.2708522206
58,6,14,4,116.5999940000,40.0000000000,4.9613229287,284.262865,0.4340807691,1.3689686538,0.3372740504,-1.3267710390
59,6,15,1,116.7000000000,39.9000000000,5.0767004567,290.873510,0.6063682589,1.5154130201,0.5399508176,-1.4159554146
59,6,15,2,116.8000000000,39.9000000000,5.2319656138,299.769548,0.7460386297,1.6341328353,0.8113676860,-1.4184754497
59,6,15,3,116.8000000000,40.0000000000,5.3639470278,307.331526,1.0770899455,1.9155264537,1.1616250586,-1.5231115580
59,6,15,4,116.7000000000,40.0000000000,5.1827688296,296.950780,0.5008547896,1.4257265712,0.6461748029,-1.2708872412
60,7,3,1,115.5000000000,40.0000000000,3.5163593102,201.472548,0.9410028172,1.7998523947,-1.6749301544,-0.6588456727
60,7,3,2,115.6000000000,40.0000000000,3.5536366185,203.608380,0.8489835128,1.7216359859,-1.5775422230,-0.6894860424
60,7,3,3,115.6000000000,40.1000000000,3.4251189715,196.244861,0.9624939143,1.8181198271,-1.7455312969,-0.5086061318
60,7,3,4,115.5000000000,40.1000000000,3.3980563309,194.694286,1.3369925635,2.1364436790,-2.0665671297,-0.5419334756
61,7,4,1,115.5999940000,40.0000000000,3.5536341721,203.608240,0.8489860342,1.7216381291,-1.5775458736,-0.6894830413
61,7,4,2,115.6999940000,40.0000000000,3.5985723566,206.183008,0.7962056224,1.6767747791,-1.5047196842,-0.7398596701
61,7,4,3,115.6999940000,40.1000000000,3.4583510620,198.148920,0.7911846992,1.6725069943,-1.5892999810,-0.5209656575
61,7,4,4,115.5999940000,40.1000000000,3.4251171810,196.244759,0.9625027924,1.8181273735,-1.7455394527,-0.5086051174
62,7,5,1,115.7000000000,40.0000000000,3.5985753263,206.183178,0.7962014402,1.6767712242,-1.5047142969,-0.7398625702
62,7,5,2,115.8000000000,40.0000000000,3.6535556372,209.333318,0.7137665406,1.6067015595,-1.4006975845,-0.7871062050
62,7,5,3,115.8000000000,40.1000000000,3.5000357758,200.537278,0.6624673285,1.5630972292,-1.4637532360,-0.5483606586
62,7,5,4,115.7000000000,40.1000000000,3.4583532819,198.149047,0.7911731543,1.6724971811,-1.5892894995,-0.5209661289
63,7,6,1,115.8000060000,40.0000000000,3.6535592979,209.333528,0.7137598752,1.6066958939,-1.4006897640,-0.7871085570
63,7,6,2,115.9000060000,40.0000000000,3.7218957451,213.248918,0.5666970988,1.4816925340,-1.2391342952,-0.8123785840
63,7,6,3,115.9000060000,40.1000000000,3.5536408998,203.608625,0.5659870103,1.4810889587,-1.3571254409,-0.5931568439
63,7,6,4,115.8000060000,40.1000000000,3.5000385917,200.537439,0.6624610047,1.5630918540,-1.4637466583,-0.5483628947
64,7,7,1,115.9000000000,40.0000000000,3.7218911599,213.248655,0.5667032355,1.4816977502,-1.2391423824,-0.8123757622
64,7,7,2,116.0000000000,40.0000000000,3.8081798375,218.192632,0.4990038150,1.4241532428,-1.1192938841,-0.8805643985
64,7,7,3,116.0000000000,40.1000000000,3.6246295804,207.675977,0.5075666499,1.4314316524,-1.2676593312,-0.6648581770
64,7,7,4,115.9000000000,40.1000000000,3.5536372301,203.608415,0.5659895316,1.4810911019,-1.3571295814,-0.5931527219
65,7,8,1,116.0000000000,40.0000000000,3.8081798375,218.192632,0.4990038150,1.4241532428,-1.1192938841,-0.8805643985
65,7,8,2,116.1000000000,40.0000000000,3.9186178635,224.520265,0.4296971787,1.3652426019,-0.9734213855,-0.9572555396
65,7,8,3,116.1000000000,40.1000000000,3.7218919241,213.248699,0.3778021048,1.3211317891,-1.1048606723,-0.7243425287
65,7,8,4,116.0000000000,40.1000000000,3.6246295804,207.675977,0.5075666499,1.4314316524,-1.2676593312,-0.6648581770
66,7,9,1,116.0999940000,40.0000000000,3.9186103646,224.519835,0.4297003484,1.3652452961,-0.9734304849,-0.9572501291
66,7,9,2,116.1999940000,40.0000000000,4.0608212892,232.667921,0.3941644109,1.3350397493,-0.8096130616,-1.0615355965
66,7,9,3,116.1999940000,40.1000000000,3.8599188529,221.157060,0.3040374367,1.2584318212,-0.9474838311,-0.8282059154
66,7,9,4,116.0999940000,40.1000000000,3.7218850463,213.248305,0.3778082416,1.3211370053,-1.1048700165,-0.7243377896
67,7,10,1,116.2000000000,40.0000000000,4.0608309330,232.668474,0.3941594540,1.3350355359,-0.8096002692,-1.0615400540
67,7,10,2,116.3000000000,40.0000000000,4.2420091312,243.049220,0.4149924276,1.3527435635,-0.6130970854,-1.2058304658
67,7,10,3,116.3000000000,40.1000000000,4.0608317366,232.668520,0.2627731319,1.2233571621,-0.7418748172,-0.9727407166
67,7,10,4,116.2000000000,40.1000000000,3.8599287629,221.157627,0.3040358157,1.2584304433,-0.9474745861,-0.8282143982
68,7,11,1,116.3000060000,40.0000000000,4.2420212514,243.049914,0.4149923562,1.3527435028,-0.6130824430,-1.2058378425
68,7,11,2,116.4000060000,40.0000000000,4.4634550321,255.737135,0.3903528174,1.3317998948,-0.3281167495,-1.2907479841
68,7,11,3,116.4000060000,40.1000000000,4.3480983118,249.127682,0.2781919865,1.2364631886,-0.4405352673,-1.1553224204
68,7,11,4,116.3000060000,40.1000000000,4.0608462026,232.669349,0.2627681750,1.2233529487,-0.7418581904,-0.9727480982
69,7,12,1,116.4000000000,40.0000000000,4.4634407047,255.736314,0.3903707635,1.3318151489,-0.3281390010,-1.2907580668
69,7,12,2,116.5000000000,40.0000000000,4.7123889804,270.000000,0.3989672711,1.3391221804,-0.0000000000,-1.3391221804
69,7,12,3,116.5000000000,40.1000000000,4.7123889804,270.000000,0.2659786240,1.2260818304,-0.0000000000,-1.2260818304
69,7,12,4,116.4000000000,40.1000000000,4.3480783364,249.126538,0.2781909044,1.2364622687,-0.4405580175,-1.1553127608
70,7,13,1,116.5000000000,40.0000000000,4.7123889804,270.000000,0.3989672711,1.3391221804,-0.0000000000,-1.3391221804
70,7,13,2,116.6000000000,40.0000000000,4.9613372561,284.263686,0.4340838730,1.3689712920,0.3372937096,-1.3267687635
70,7,13,3,116.6000000000,40.1000000000,5.0766996244,290.873462,0.3031845788,1.2577068920,0.4481275886,-1.1751630910
70,7,13,4,116.5000000000,40.1000000000,4.7123889804,270.000000,0.2659786240,1.2260818304,-0.0000000000,-1.2260818304
71,7,14,1,116.5999940000,40.0000000000,4.9613229287,284.262865,0.4340807691,1.3689686538,0.3372740504,-1.3267710390
71,7,14,2,116.6999940000,40.0000000000,5.1827567094,296.950086,0.5007982332,1.4256784982,0.6461376121,-1.2708522206
71,7,14,3,116.6999940000,40.1000000000,5.3639317582,307.330651,0.7180447615,1.6103380473,0.9765313199,-1.2804589832
71,7,14,4,116.5999940000,40.1000000000,5.0766796490,290.872318,0.3031771726,1.2577005968,0.4481018712,-1.1751661602
72,7,15,1,116.7000000000,40.0000000000,5.1827688296,296.950780,0.5008547896,1.4257265712,0.6461748029,-1.2708872412
72,7,15,2,116.8000000000,40.0000000000,5.3639470278,307.331526,1.0770899455,1.9155264537,1.1616250586,-1.5231115580
72,7,15,3,116.8000000000,40.1000000000,5.5648491978,318.842373,0.7935626487,1.6745282514,1.2607553881,-1.1020620292
72,7,15,4,116.7000000000,40.1000000000,5.3639462241,307.331480,0.7180602973,1.6103512527,0.9765578510,-1.2804553568
73,7,16,1,116.8000060000,40.0000000000,5.3639566716,307.332079,1.0771054814,1.9155396592,1.1616477554,-1.5231108556
73,7,16,2,116.9000060000,40.0000000000,5.5061675962,315.480165,1.1678470036,1.9926699530,1.4207891315,-1.3971727830
73,7,16,3,116.9000060000,40.1000000000,5.7028929144,326.751695,0.7708593576,1.6552304540,1.3842731614,-0.9075106999
73,7,16,4,116.8000060000,40.1000000000,5.5648591079,318.842940,0.7935653485,1.6745305462,1.2607680373,-1.1020510452
74,7,17,1,116.9000000000,40.0000000000,5.5061600973,315.479735,1.1678443038,1.9926676582,1.4207770180,-1.3971818283
74,7,17,2,117.0000000000,40.0000000000,5.6165981233,321.807368,1.2128403496,2.0309142971,1.5961694877,-1.2557292100
74,7,17,3,117.0000000000,40.1000000000,5.8001483804,332.324023,0.8603577928,1.7313041239,1.5332229269,-0.8041401779
74,7,17,4,116.9000000000,40.1000000000,5.7028860367,326.751301,0.7708531808,1.6552252037,1.3842625289,-0.9075173420
75,8,6,1,115.8000060000,40.1000000000,3.5000385917,200.537439,0.6624610047,1.5630918540,-1.4637466583,-0.5483628947
75,8,6,2,115.9000060000,40.1000000000,3.5536408998,203.608625,0.5659870103,1.4810889587,-1.3571254409,-0.5931568439
75,8,6,3,115.9000060000,40.2000000000,3.3567455116,192.327351,0.9617378554,1.8174771771,-1.7755730069,-0.3880254968
75,8,6,4,115.8000060000,40.2000000000,3.3267626152,190.609457,1.1393662147,1.9684612825,-1.9348103829,-0.3624204780
76,8,7,1,115.9000000000,40.1000000000,3.5536372301,203.608415,0.5659895316,1.4810911019,-1.3571295814,-0.5931527219
76,8,7,2,116.0000000000,40.1000000000,3.6246295804,207.675977,0.5075666499,1.4314316524,-1.2676593312,-0.6648581770
76,8,7,3,116.0000000000,40.2000000000,3.3980575577,194.694357,0.6684956273,1.5682212832,-1.5169290655,-0.3977992000
76,8,7,4,115.9000000000,40.2000000000,3.3567434258,192.327231,0.9617485131,1.8174862361,-1.7755826664,-0.3880237274
77,8,8,1,116.0000000000,40.1000000000,3.6246295804,207.675977,0.5075666499,1.4314316524,-1.2676593312,-0.6648581770
77,8,8,2,116.1000000000,40.1000000000,3.7218919241,213.248699,0.3778021048,1.3211317891,-1.1048606723,-0.7243425287
77,8,8,3,116.1000000000,40.2000000000,3.4583547619,198.149132,0.3955847068,1.3362470007,-1.2697673400,-0.4162294431
77,8,8,4,116.0000000000,40.2000000000,3.3980575577,194.694357,0.6684956273,1.5682212832,-1.5169290655,-0.3977992000
78,8,9,1,116.0999940000,40.1000000000,3.7218850463,213.248305,0.3778082416,1.3211370053,-1.1048700165,-0.7243377896
78,8,9,2,116.1999940000,40.1000000000,3.8599188529,221.157060,0.3040374367,1.2584318212,-0.9474838311,-0.8282059154
78,8,9,3,116.1999940000,40.2000000000,3.5536317257,203.608100,0.2829980718,1.2405483611,-1.1367220598,-0.4968130380
78,8,9,4,116.0999940000,40.2000000000,3.4583503220,198.148878,0.3955962517,1.3362568139,-1.2697785130,-0.4162268622
79,8,10,1,116.2000000000,40.1000000000,3.8599287629,221.157627,0.3040358157,1.2584304433,-0.9474745861,-0.8282143982
79,8,10,2,116.3000000000,40.1000000000,4.0608317366,232.668520,0.2627731319,1.2233571621,-0.7418748172,-0.9727407166
79,8,10,3,116.3000000000,40.2000000000,3.7218942167,213.248830,0.1889009741,1.1605658280,-0.9705781243,-0.6363105734
79,8,10,4,116.2000000000,40.2000000000,3.5536390649,203.608520,0.2829955504,1.2405462179,-1.1367164498,-0.4968205223
80,8,11,1,116.3000060000,40.1000000000,4.0608462026,232.669349,0.2627681750,1.2233529487,-0.7418581904,-0.9727480982
80,8,11,2,116.4000060000,40.1000000000,4.3480983118,249.127682,0.2781919865,1.2364631886,-0.4405352673,-1.1553224204
80,8,11,3,116.4000060000,40.2000000000,4.0608630798,232.670316,0.1313818529,1.1116745750,-0.6741199575,-0.8839585078
80,8,11,4,116.3000060000,40.2000000000,3.7219079726,213.249619,0.1888948374,1.1605606118,-0.9705650088,-0.6363210646
81,8,12,1,116.4000000000,40.1000000000,4.3480783364,249.126538,0.2781909044,1.2364622687,-0.4405580175,-1.1553127608
81,8,12,2,116.5000000000,40.1000000000,4.7123889804,270.000000,0.2659786240,1.2260818304,-0.0000000000,-1.2260818304
81,8,12,3,116.5000000000,40.2000000000,4.7123889804,270.000000,0.1329899769,1.1130414804,-0.0000000000,-1.1130414804
81,8,12,4,116.4000000000,40.2000000000,4.0608341476,232.668658,0.1313868098,1.1116787883,-0.6741480871,-0.8839423539
82,8,13,1,116.5000000000,40.1000000000,4.7123889804,270.000000,0.2659786240,1.2260818304,-0.0000000000,-1.2260818304
82,8,13,2,116.6000000000,40.1000000000,5.0766996244,290.873462,0.3031845788,1.2577068920,0.4481275886,-1.1751630910
82,8,13,3,116.6000000000,40.2000000000,5.3639438132,307.331342,0.3590306492,1.3051760518,0.7914893654,-1.0378001304
82,8,13,4,116.5000000000,40.2000000000,4.7123889804,270.000000,0.1329899769,1.1130414804,-0.0000000000,-1.1130414804
83,8,14,1,116.5999940000,40.1000000000,5.0766796490,290.872318,0.3031771726,1.2577005968,0.4481018712,-1.1751661602
83,8,14,2,116.6999940000,40.1000000000,5.3639317582,307.330651,0.7180447615,1.6103380473,0.9765313199,-1.2804589832
83,8,14,3,116.6999940000,40.2000000000,5.7028699882,326.750381,0.3854213112,1.3276081146,1.1102651325,-0.7279111494
83,8,14,4,116.5999940000,40.2000000000,5.3639148810,307.329684,0.3590151133,1.3051628463,0.7914513314,-1.0378125290
84,8,15,1,116.7000000000,40.1000000000,5.3639462241,307.331480,0.7180602973,1.6103512527,0.9765578510,-1.2804553568
84,8,15,2,116.8000000000,40.1000000000,5.5648491978,318.842373,0.7935626487,1.6745282514,1.2607553881,-1.1020620292
84,8,15,3,116.8000000000,40.2000000000,5.8711388958,336.391480,0.4424590722,1.3760902114,1.2609158427,-0.5511038990
84,8,15,4,116.7000000000,40.2000000000,5.7028837441,326.751170,0.3854274881,1.3276133649,1.1102795363,-0.7278987552
85,8,16,1,116.8000060000,40.1000000000,5.5648591079,318.842940,0.7935653485,1.6745305462,1.2607680373,-1.1020510452
85,8,16,2,116.9000060000,40.1000000000,5.7028929144,326.751695,0.7708593576,1.6552304540,1.3842731614,-0.9075106999
85,8,16,3,116.9000060000,40.2000000000,5.9664276387,341.851122,0.5162614082,1.4388221970,1.3672413047,-0.4481746637
85,8,16,4,116.8000060000,40.2000000000,5.8711462350,336.391900,0.4424629379,1.3760934972,1.2609228981,-0.5510959608
86,8,17,1,116.9000000000,40.1000000000,5.7028860367,326.751301,0.7708531808,1.6552252037,1.3842625289,-0.9075173420
86,8,17,2,117.0000000000,40.1000000000,5.8001483804,332.324023,0.8603577928,1.7313041239,1.5332229269,-0.8041401779
86,8,17,3,117.0000000000,40.2000000000,6.0267204031,345.305643,0.6111522216,1.5194793884,1.4697813843,-0.3854352008
86,8,17,4,116.9000000000,40.2000000000,5.9664231989,341.850868,0.5162552788,1.4388169870,1.3672343641,-0.4481791112
87,8,18,1,117.0000000000,40.1000000000,5.8001483804,332.324023,0.8603577928,1.7313041239,1.5332229269,-0.8041401779
87,8,18,2,117.1000000000,40.1000000000,5.8711407307,336.391585,0.8849156527,1.7521783048,1.6055278478,-0.7017187055
87,8,18,3,117.1000000000,40.2000000000,6.0680345349,347.672769,0.6994117497,1.5944999872,1.5577375403,-0.3404173392
87,8,18,4,117.0000000000,40.2000000000,6.0267204031,345.305643,0.6111522216,1.5194793884,1.4697813843,-0.3854352008
88,8,19,1,117.0999940000,40.1000000000,5.8711370610,336.391375,0.8849117870,1.7521750190,1.6055222619,-0.7017232814
88,8,19,2,117.1999940000,40.1000000000,5.9247393690,339.462561,0.9683347760,1.8230845596,1.7072150464,-0.6395733711
88,8,19,3,117.1999940000,40.2000000000,6.0980153456,349.390543,0.8059487574,1.6850564438,1.6562503577,-0.3102417950
88,8,19,4,117.0999940000,40.2000000000,6.0680324492,347.672649,0.6994053918,1.5944945830,1.5577315507,-0.3404194344
89,8,20,1,117.2000000000,40.1000000000,5.9247421849,339.462722,0.9683410255,1.8230898716,1.7072218218,-0.6395704272
89,8,20,2,117.3000000000,40.1000000000,5.9664246788,341.850953,1.0325094813,1.8776330591,1.7842197515,-0.5848639014
89,8,20,3,117.3000000000,40.2000000000,6.1207298350,350.691987,0.9147393252,1.7775284264,1.7541238983,-0.2875007059
89,8,20,4,117.2000000000,40.2000000000,6.0980168967,349.390632,0.8059552844,1.6850619918,1.6562562921,-0.3102402474
90,8,21,1,117.3000060000,40.1000000000,5.9664268988,341.851080,1.0325156107,1.8776382691,1.7842260006,-0.5848615634
90,8,21,2,117.4000060000,40.1000000000,5.9996607797,343.755241,1.1346720794,1.9644712675,1.8860406323,-0.5495435327
90,8,21,3,117.4000060000,40.2000000000,6.1385152991,351.711019,1.0235298930,1.8700004090,1.8504655121,-0.2695902786
90,8,21,4,117.3000060000,40.2000000000,6.1207310321,350.692056,0.9147458522,1.7775339744,1.7541297174,-0.2874995035
91,9,7,1,115.9000000000,40.2000000000,3.3567434258,192.327231,0.9617485131,1.8174862361,-1.7755826664,-0.3880237274
91,9,7,2,116.0000000000,40.2000000000,3.3980575577,194.694357,0.6684956273,1.5682212832,-1.5169290655,-0.3977992000
91,9,7,3,116.0000000000,40.3000000000,3.1415952760,180.000150,0.8961819462,1.7617546543,-1.7617546543,-0.0000046200
91,9,7,4,115.9000000000,40.3000000000,3.1415948389,180.000125,1.0754180666,1.9141053566,-1.9141053566,-0.0000041829
92,9,8,1,116.0000000000,40.2000000000,3.3980575577,194.694357,0.6684956273,1.5682212832,-1.5169290655,-0.3977992000
92,9,8,2,116.1000000000,40.2000000000,3.4583547619,198.149132,0.3955847068,1.3362470007,-1.2697673400,-0.4162294431
92,9,8,3,116.1000000000,40.3000000000,3.1415959316,180.000188,0.7169458257,1.6094039519,-1.6094039519,-0.0000052756
92,9,8,4,116.0000000000,40.3000000000,3.1415952760,180.000150,0.8961819462,1.7617546543,-1.7617546543,-0.0000046200
93,9,9,1,116.0999940000,40.2000000000,3.4583503220,198.148878,0.3955962517,1.3362568139,-1.2697785130,-0.4162268622
93,9,9,2,116.1999940000,40.2000000000,3.5536317257,203.608100,0.2829980718,1.2405483611,-1.1367220598,-0.4968130380
93,9,9,3,116.1999940000,40.3000000000,3.1415970241,180.000250,0.5377204595,1.4570623905,-1.4570623905,-0.0000063681
93,9,9,4,116.0999940000,40.3000000000,3.1415959315,180.000188,0.7169565799,1.6094130929,-1.6094130929,-0.0000052755
94,9,10,1,116.2000000000,40.2000000000,3.5536390649,203.608520,0.2829955504,1.2405462179,-1.1367164498,-0.4968205223
94,9,10,2,116.3000000000,40.2000000000,3.7218942167,213.248830,0.1889009741,1.1605658280,-0.9705781243,-0.6363105734
94,9,10,3,116.3000000000,40.3000000000,3.1415992095,180.000376,0.3584735849,1.3047025471,-1.3047025471,-0.0000085535
94,9,10,4,116.2000000000,40.3000000000,3.1415970242,180.000250,0.5377097053,1.4570532495,-1.4570532495,-0.0000063682
95,9,11,1,116.3000060000,40.2000000000,3.7219079726,213.249619,0.1888948374,1.1605606118,-0.9705650088,-0.6363210646
95,9,11,2,116.4000060000,40.2000000000,4.0608630798,232.670316,0.1313818529,1.1116745750,-0.6741199575,-0.8839585078
95,9,11,3,116.4000060000,40.3000000000,3.1416057662,180.000751,0.1792267102,1.1523427037,-1.1523427036,-0.0000151103
95,9,11,4,116.3000060000,40.3000000000,3.1415992097,180.000376,0.3584628307,1.3046934061,-1.3046934061,-0.0000085537
96,9,12,1,116.4000000000,40.2000000000,4.0608341476,232.668658,0.1313868098,1.1116787883,-0.6741480871,-0.8839423539
96,9,12,2,116.5000000000,40.2000000000,4.7123889804,270.000000,0.1329899769,1.1130414804,-0.0000000000,-1.1130414804
96,9,12,3,116.5000000000,40.3000000000,4.7123889804,270.000000,0.0000013299,1.0000011304,-0.0000000000,-1.0000011304
96,9,12,4,116.4000000000,40.3000000000,3.1416057654,180.000751,0.1792374644,1.1523518447,-1.1523518446,-0.0000151095
97,9,13,1,116.5000000000,40.2000000000,4.7123889804,270.000000,0.1329899769,1.1130414804,-0.0000000000,-1.1130414804
97,9,13,2,116.6000000000,40.2000000000,5.3639438132,307.331342,0.3590306492,1.3051760518,0.7914893654,-1.0378001304
97,9,13,3,116.6000000000,40.3000000000,6.2831721953,359.999249,0.1274780989,1.1083563841,1.1083563840,-0.0000145326
97,9,13,4,116.5000000000,40.3000000000,4.7123889804,270.000000,0.0000013299,1.0000011304,-0.0000000000,-1.0000011304
98,9,14,1,116.5999940000,40.2000000000,5.3639148810,307.329684,0.3590151133,1.3051628463,0.7914513314,-1.0378125290
98,9,14,2,116.6999940000,40.2000000000,5.7028699882,326.750381,0.3854213112,1.3276081146,1.1102651325,-0.7279111494
98,9,14,3,116.6999940000,40.3000000000,6.2831787511,359.999624,0.2549500722,1.2167075614,1.2167075613,-0.0000079769
98,9,14,4,116.5999940000,40.3000000000,6.2831721945,359.999249,0.1274704502,1.1083498826,1.1083498825,-0.0000145334
99,9,15,1,116.7000000000,40.2000000000,5.7028837441,326.751170,0.3854274881,1.3276133649,1.1102795363,-0.7278987552
99,9,15,2,116.8000000000,40.2000000000,5.8711388958,336.391480,0.4424590722,1.3760902114,1.2609158427,-0.5511038990
99,9,15,3,116.8000000000,40.3000000000,6.2831809366,359.999750,0.3824373430,1.3250717415,1.3250717415,-0.0000057914
99,9,15,4,116.7000000000,40.3000000000,6.2831787512,359.999624,0.2549577210,1.2167140628,1.2167140628,-0.0000079767
100,9,16,1,116.8000060000,40.2000000000,5.8711462350,336.391900,0.4424629379,1.3760934972,1.2609228981,-0.5510959608
100,9,16,2,116.9000060000,40.2000000000,5.9664276387,341.851122,0.5162614082,1.4388221970,1.3672413047,-0.4481746637
100,9,16,3,116.9000060000,40.3000000000,6.2831820293,359.999812,0.5099246138,1.4334359217,1.4334359217,-0.0000046987
100,9,16,4,116.8000060000,40.3000000000,6.2831809366,359.999750,0.3824449918,1.3250782430,1.3250782430,-0.0000057913
101,9,17,1,116.9000000000,40.2000000000,5.9664231989,341.850868,0.5162552788,1.4388169870,1.3672343641,-0.4481791112
101,9,17,2,117.0000000000,40.2000000000,6.0267204031,345.305643,0.6111522216,1.5194793884,1.4697813843,-0.3854352008
101,9,17,3,117.0000000000,40.3000000000,6.2831826848,359.999850,0.6373965870,1.5417870990,1.5417870990,-0.0000040431
101,9,17,4,116.9000000000,40.3000000000,6.2831820292,359.999812,0.5099169650,1.4334294203,1.4334294203,-0.0000046987
102,9,18,1,117.0000000000,40.2000000000,6.0267204031,345.305643,0.6111522216,1.5194793884,1.4697813843,-0.3854352008
102,9,18,2,117.1000000000,40.2000000000,6.0680345349,347.672769,0.6994117497,1.5944999872,1.5577375403,-0.3404173392
102,9,18,3,117.1000000000,40.3000000000,6.2831831219,359.999875,0.7648762091,1.6501447777,1.6501447777,-0.0000036061
102,9,18,4,117.0000000000,40.3000000000,6.2831826848,359.999850,0.6373965870,1.5417870990,1.5417870990,-0.0000040431
103,9,19,1,117.0999940000,40.2000000000,6.0680324492,347.672649,0.6994053918,1.5944945830,1.5577315507,-0.3404194344
103,9,19,2,117.1999940000,40.2000000000,6.0980153456,349.390543,0.8059487574,1.6850564438,1.6562503577,-0.3102417950
103,9,19,3,117.1999940000,40.3000000000,6.2831834340,359.999893,0.8923481823,1.7584959550,1.7584959550,-0.0000032939
103,9,19,4,117.0999940000,40.3000000000,6.2831831218,359.999875,0.7648685603,1.6501382762,1.6501382762,-0.0000036061
104,9,20,1,117.2000000000,40.2000000000,6.0980168967,349.390632,0.8059552844,1.6850619918,1.6562562921,-0.3102402474
104,9,20,2,117.3000000000,40.2000000000,6.1207298350,350.691987,0.9147393252,1.7775284264,1.7541238983,-0.2875007059
104,9,20,3,117.3000000000,40.3000000000,6.2831836682,359.999906,1.0198354531,1.8668601351,1.8668601351,-0.0000030598
104,9,20,4,117.2000000000,40.3000000000,6.2831834341,359.999893,0.8923558311,1.7585024564,1.7585024564,-0.0000032939
105,10,7,1,115.9000000000,40.3000020000,3.1415904683,179.999875,1.0754153787,1.9141030719,-1.9141030719,0.0000041829
105,10,7,2,116.0000000000,40.3000020000,3.1415900312,179.999850,0.8961792583,1.7617523695,-1.7617523695,0.0000046200
105,10,7,3,116.0000000000,40.4000020000,2.8851277495,165.305643,0.6870841031,1.5840214876,-1.5322124885,0.4018071221
105,10,7,4,115.9000000000,40.4000020000,2.9264418813,167.672769,0.8606598247,1.7315608510,-1.6916383584,0.3696791108
106,10,8,1,116.0000000000,40.3000020000,3.1415900312,179.999850,0.8961792583,1.7617523695,-1.7617523695,0.0000046200
106,10,8,2,116.1000000000,40.3000020000,3.1415893756,179.999812,0.7169431378,1.6094016672,-1.6094016671,0.0000052756
106,10,8,3,116.1000000000,40.4000020000,2.8248305453,161.850868,0.5555979533,1.4722582603,-1.3990118997,0.4585957801
106,10,8,4,116.0000000000,40.4000020000,2.8851277495,165.305643,0.6870841031,1.5840214876,-1.5322124885,0.4018071221
107,10,9,1,116.0999940000,40.3000020000,3.1415893757,179.999812,0.7169538920,1.6094108082,-1.6094108082,0.0000052755
107,10,9,2,116.1999940000,40.3000020000,3.1415882831,179.999750,0.5377177715,1.4570601058,-1.4570601058,0.0000063681
107,10,9,3,116.1999940000,40.4000020000,2.7295535814,156.391900,0.4098678692,1.3483876888,-1.2355358962,0.5400003782
107,10,9,4,116.0999940000,40.4000020000,2.8248349851,161.851122,0.5556058425,1.4722649661,-1.3990203080,0.4585916575
108,10,10,1,116.2000000000,40.3000020000,3.1415882830,179.999750,0.5377070174,1.4570509648,-1.4570509648,0.0000063682
108,10,10,2,116.3000000000,40.3000020000,3.1415860977,179.999624,0.3584708969,1.3047002624,-1.3047002624,0.0000085535
108,10,10,3,116.3000000000,40.4000020000,2.5612910905,146.751170,0.3297332193,1.2802732364,-1.0706891125,0.7019432914
108,10,10,4,116.2000000000,40.4000020000,2.7295462423,156.391480,0.4098639994,1.3483843995,-1.2355289190,0.5400081287
109,10,11,1,116.3000060000,40.3000020000,3.1415860975,179.999624,0.3584601428,1.3046911214,-1.3046911213,0.0000085537
109,10,11,2,116.4000060000,40.3000020000,3.1415795409,179.999249,0.1792240223,1.1523404190,-1.1523404189,0.0000151102
109,10,11,3,116.4000060000,40.4000020000,2.2223222274,127.329684,0.2729980265,1.2320483225,-0.7471146516,0.9796748269
109,10,11,4,116.3000060000,40.4000020000,2.5612773346,146.750381,0.3297267226,1.2802677142,-1.0706748383,0.7019549919
110,10,12,1,116.4000000000,40.3000020000,3.1415795417,179.999249,0.1792347765,1.1523495600,-1.1523495599,0.0000151094
110,10,12,2,116.5000000000,40.3000020000,1.5707963268,90.000000,0.0000014681,1.0000012479,0.0000000000,1.0000012479
110,10,12,3,116.5000000000,40.4000020000,1.5707963268,90.000000,0.1468113617,1.1247896574,0.0000000000,1.1247896574
110,10,12,4,116.4000000000,40.4000020000,2.2223511596,127.331342,0.2730056689,1.2320548185,-0.7471469348,0.9796583760
111,10,13,1,116.5000000000,40.3000020000,1.5707963268,90.000000,0.0000014681,1.0000012479,0.0000000000,1.0000012479
111,10,13,2,116.6000000000,40.3000020000,0.0000131119,0.000751,0.1274811451,1.1083589733,1.1083589732,0.0000145326
111,10,13,3,116.6000000000,40.4000020000,0.9192414940,52.668658,0.2287064452,1.1944004784,0.7243124599,0.9497178335
111,10,13,4,116.5000000000,40.4000020000,1.5707963268,90.000000,0.1468113617,1.1247896574,0.0000000000,1.1247896574
112,10,14,1,116.5999940000,40.3000020000,0.0000131126,0.000751,0.1274734963,1.1083524719,1.1083524718,0.0000145334
112,10,14,2,116.6999940000,40.3000020000,0.0000065561,0.000376,0.2549531183,1.2167101506,1.2167101506,0.0000079769
112,10,14,3,116.6999940000,40.4000020000,0.5803153190,33.249619,0.2667660156,1.2267511133,1.0259194505,0.6726124999
112,10,14,4,116.5999940000,40.4000020000,0.9192704262,52.670316,0.2286995980,1.1943946583,0.7242814529,0.9497341611
113,10,15,1,116.7000000000,40.3000020000,0.0000065559,0.000376,0.2549607671,1.2167166521,1.2167166520,0.0000079767
113,10,15,2,116.8000000000,40.3000020000,0.0000043706,0.000250,0.3824403891,1.3250743308,1.3250743308,0.0000057914
113,10,15,3,116.8000000000,40.4000020000,0.4120464113,23.608520,0.3285134162,1.2792364037,1.1721683903,0.5123153730
113,10,15,4,116.7000000000,40.4000020000,0.5803015631,33.248830,0.2667694993,1.2267540744,1.0259311792,0.6726000109
114,10,16,1,116.8000060000,40.3000020000,0.0000043705,0.000250,0.3824480379,1.3250808322,1.3250808322,0.0000057913
114,10,16,2,116.9000060000,40.3000020000,0.0000032779,0.000188,0.5099276599,1.4334385110,1.4334385109,0.0000046987
114,10,16,3,116.9000060000,40.4000020000,0.3167576684,18.148878,0.5508425898,1.4682162013,1.3951729678,0.4573305192
114,10,16,4,116.8000060000,40.4000020000,0.4120390721,23.608100,0.3285189159,1.2792410785,1.1721764338,0.5123086423
115,10,17,1,116.9000000000,40.3000020000,0.0000032780,0.000188,0.5099200112,1.4334320095,1.4334320095,0.0000046987
115,10,17,2,117.0000000000,40.3000020000,0.0000026224,0.000150,0.6373996332,1.5417896882,1.5417896882,0.0000040431
115,10,17,3,117.0000000000,40.4000020000,0.2564649041,14.694357,0.6619144922,1.5626273184,1.5115180639,0.3963802200
115,10,17,4,116.9000000000,40.4000020000,0.3167621083,18.149132,0.5508359251,1.4682105363,1.3951655541,0.4573349489
116,10,18,1,117.0000000000,40.3000020000,0.0000026224,0.000150,0.6373996332,1.5417896882,1.5417896882,0.0000040431
116,10,18,2,117.1000000000,40.3000020000,0.0000021853,0.000125,0.7648792552,1.6501473669,1.6501473669,0.0000036061
116,10,18,3,117.1000000000,40.4000020000,0.2151507722,12.327231,0.8084051519,1.6871443791,1.6482459431,0.3601964283
116,10,18,4,117.0000000000,40.4000020000,0.2564649041,14.694357,0.6619144922,1.5626273184,1.5115180639,0.3963802200
117,10,19,1,117.0999940000,40.3000020000,0.0000021853,0.000125,0.7648716064,1.6501408655,1.6501408655,0.0000036061
117,10,19,2,117.1999940000,40.3000020000,0.0000018731,0.000107,0.8923512285,1.7584985442,1.7584985442,0.0000032939
117,10,19,3,117.1999940000,40.4000020000,0.1851699616,10.609457,0.9570071080,1.8134560418,1.7824549611,0.3338819063
117,10,19,4,117.0999940000,40.4000020000,0.2151528580,12.327351,0.8083951739,1.6871358978,1.6482369061,0.3601980554
118,10,20,1,117.2000000000,40.3000020000,0.0000018731,0.000107,0.8923588772,1.7585050456,1.7585050456,0.0000032939
118,10,20,2,117.3000000000,40.3000020000,0.0000016390,0.000094,1.0198384993,1.8668627244,1.8668627244,0.0000030598
118,10,20,3,117.3000000000,40.4000020000,0.1624554722,9.308013,1.0980906499,1.9333770524,1.9079204821,0.3127079484
118,10,20,4,117.2000000000,40.4000020000,0.1851684104,10.609368,0.9570155725,1.8134632366,1.7824625508,0.3338804661
119,11,6,1,115.8000060000,40.4000000000,2.9564263113,169.390750,1.0377759550,1.8821095617,-1.8499361013,0.3465152570
119,11,6,2,115.9000060000,40.4000000000,2.9264439670,167.672888,0.8606532388,1.7315552530,-1.6916336605,0.3696743874
119,11,6,3,115.9000060000,40.5000000000,2.7295480770,156.391585,0.8197176378,1.6967599921,-1.5547478307,0.6795245793
119,11,6,4,115.8000060000,40.5000000000,2.7831500006,159.462749,0.9246181506,1.7859254280,-1.6724196904,0.6265317338
120,11,7,1,115.9000000000,40.4000000000,2.9264460528,167.673008,0.8606638662,1.7315642862,-1.6916432565,0.3696727877
120,11,7,2,116.0000000000,40.4000000000,2.8851326568,165.305925,0.6870835100,1.5840209835,-1.5322139726,0.4017994752
120,11,7,3,116.0000000000,40.5000000000,2.6585598401,152.324258,0.7384355198,1.6276701918,-1.4414490239,0.7559993155
120,11,7,4,115.9000000000,40.5000000000,2.7295517467,156.391795,0.8197215076,1.6967632815,-1.5547533383,0.6795201912
121,11,8,1,116.0000000000,40.4000000000,2.8851326568,165.305925,0.6870835100,1.5840209835,-1.5322139726,0.4017994752
121,11,8,2,116.1000000000,40.4000000000,2.8248364651,161.851207,0.5555973603,1.4722577562,-1.3990141355,0.4585873412
121,11,8,3,116.1000000000,40.5000000000,2.5612979683,146.751564,0.6594630434,1.5605435869,-1.3050843480,0.8555998663
121,11,8,4,116.0000000000,40.5000000000,2.6585598401,152.324258,0.7384355198,1.6276701918,-1.4414490239,0.7559993155
122,11,9,1,116.0999940000,40.4000000000,2.8248409049,161.851462,0.5556052494,1.4722644620,-1.3990225437,0.4585832186
122,11,9,2,116.1999940000,40.4000000000,2.7295609206,156.392321,0.4098635417,1.3483840104,-1.2355364888,0.5399898373
122,11,9,3,116.1999940000,40.5000000000,2.4232714094,138.843224,0.6544556784,1.5562873266,-1.1717468046,1.0242263758
122,11,9,4,116.0999940000,40.5000000000,2.5613048460,146.751958,0.6594695401,1.5605491091,-1.3050948508,0.8555939179
123,11,10,1,116.2000000000,40.4000000000,2.7295535815,156.391900,0.4098596719,1.3483807211,-1.2355295118,0.5399975877
123,11,10,2,116.3000000000,40.4000000000,2.5613002609,146.751695,0.3297309558,1.2802713125,-1.0706939405,0.7019324179
123,11,10,3,116.3000000000,40.5000000000,2.2223583925,127.331756,0.5460069688,1.4641059234,-0.8878765869,1.1641655043
123,11,10,4,116.2000000000,40.5000000000,2.4232614993,138.842657,0.6544504020,1.5562828417,-1.1717332777,1.0242350362
124,11,11,1,116.3000060000,40.4000000000,2.5612865051,146.750907,0.3297244591,1.2802657903,-1.0706796665,0.7019441184
124,11,11,2,116.4000060000,40.4000000000,2.2223318711,127.330237,0.2729951139,1.2320458468,-0.7471225980,0.9796656533
124,11,11,3,116.4000060000,40.5000000000,1.9350903245,110.872509,0.4119373593,1.3501467554,-0.4810433987,1.2615440974
124,11,11,4,116.3000060000,40.5000000000,2.2223439265,127.330928,0.5459993264,1.4640994275,-0.8878558067,1.1641731830
125,11,12,1,116.4000000000,40.4000000000,2.2223608035,127.331895,0.2730027562,1.2320523428,-0.7471548811,0.9796492020
125,11,12,2,116.5000000000,40.4000000000,1.5707963268,90.000000,0.1468084255,1.1247871617,0.0000000000,1.1247871617
125,11,12,3,116.5000000000,40.5000000000,1.5707963268,90.000000,0.2936183191,1.2495755712,0.0000000000,1.2495755712
125,11,12,4,116.4000000000,40.5000000000,1.9351103000,110.873653,0.4119260325,1.3501371276,-0.4810651682,1.2615254921
126,11,13,1,116.5000000000,40.4000000000,1.5707963268,90.000000,0.1468084255,1.1247871617,0.0000000000,1.1247871617
126,11,13,2,116.6000000000,40.4000000000,0.9192318501,52.668105,0.2287041535,1.1943985305,0.7243204376,0.9497092994
126,11,13,3,116.6000000000,40.5000000000,1.2064823535,69.126347,0.3507031689,1.2980976935,0.4625230819,1.2129014884
126,11,13,4,116.5000000000,40.5000000000,1.5707963268,90.000000,0.2936183191,1.2495755712,0.0000000000,1.2495755712
127,11,14,1,116.5999940000,40.4000000000,0.9192607825,52.669763,0.2286973063,1.1943927104,0.7242894306,0.9497256274
127,11,14,2,116.6999940000,40.4000000000,0.5803061485,33.249093,0.2667630027,1.2267485523,1.0259234769,0.6726016876
127,11,14,3,116.6999940000,40.5000000000,0.9192487271,52.669072,0.4574026057,1.3887922148,0.8421881801,1.1042929346
127,11,14,4,116.5999940000,40.5000000000,1.2065023291,69.127491,0.3506972824,1.2980926900,0.4624970707,1.2129060522
128,11,15,1,116.7000000000,40.4000000000,0.5802923927,33.248305,0.2667664864,1.2267515135,1.0259352054,0.6725891986
128,11,15,2,116.8000000000,40.4000000000,0.4120390721,23.608100,0.3285123456,1.2792354938,1.1721713165,0.5123064057
128,11,15,3,116.8000000000,40.5000000000,0.7183311543,41.157343,0.5006236032,1.4255300627,1.0732888445,0.9381828266
128,11,15,4,116.7000000000,40.5000000000,0.9192342611,52.668244,0.4574094529,1.3887980350,0.8422076842,1.1042853792
129,11,16,1,116.8000060000,40.4000000000,0.4120317330,23.607679,0.3285178453,1.2792401685,1.1721793599,0.5122996751
129,11,16,2,116.9000060000,40.4000000000,0.3167517487,18.148538,0.5508404594,1.4682143905,1.3951739543,0.4573216960
129,11,16,3,116.9000060000,40.5000000000,0.5802878076,33.248042,0.5335379630,1.4535072686,1.2155752361,0.7969066602
129,11,16,4,116.8000060000,40.5000000000,0.7183212442,41.156776,0.5006240505,1.4255304429,1.0732984281,0.9381724404
130,11,17,1,116.9000000000,40.4000000000,0.3167561885,18.148793,0.5508337947,1.4682087255,1.3951665407,0.4573261257
130,11,17,2,117.0000000000,40.4000000000,0.2564599968,14.694075,0.6619123618,1.5626255076,1.5115182574,0.3963723432
130,11,17,3,117.0000000000,40.5000000000,0.4830328135,27.675742,0.5279770733,1.4487805123,1.2830260490,0.6729109380
130,11,17,4,116.9000000000,40.5000000000,0.5802946853,33.248436,0.5335344793,1.4535043074,1.2155672788,0.7969133971
131,11,18,1,117.0000000000,40.4000000000,0.2564599968,14.694075,0.6619123618,1.5626255076,1.5115182574,0.3963723432
131,11,18,2,117.1000000000,40.4000000000,0.2151466008,12.326992,0.8084089398,1.6871475988,1.6482505911,0.3601902402
131,11,18,3,117.1000000000,40.5000000000,0.4120409069,23.608205,0.6570252265,1.5584714425,1.4280357811,0.6241370403
131,11,18,4,117.0000000000,40.5000000000,0.4830328135,27.675742,0.5279770733,1.4487805123,1.2830260490,0.6729109380
132,11,19,1,117.0999940000,40.4000000000,0.2151486865,12.327112,0.8083989618,1.6871391175,1.6482415541,0.3601918672
132,11,19,2,117.1999940000,40.4000000000,0.1851663423,10.609250,0.9570077182,1.8134565605,1.7824566793,0.3338755506
132,11,19,3,117.1999940000,40.5000000000,0.3584426529,20.537251,0.9247183101,1.7860105636,1.6724994152,0.6265616007
132,11,19,4,117.0999940000,40.5000000000,0.4120445765,23.608415,0.6570197268,1.5584667678,1.4280292072,0.6241404085
133,11,20,1,117.2000000000,40.4000000000,0.1851647912,10.609161,0.9570161827,1.8134637553,1.7824642690,0.3338741104
133,11,20,2,117.3000000000,40.4000000000,0.1624522800,9.307830,1.0980912601,1.9333775711,1.9079219921,0.3127019418
133,11,20,3,117.3000000000,40.5000000000,0.3167576684,18.148878,1.1016686545,1.9364183563,1.8400822322,0.6031694865
133,11,20,4,117.2000000000,40.5000000000,0.3584398371,20.537090,0.9247806542,1.7860635561,1.6725508041,0.6265754816
134,12,6,1,115.8000060000,40.5000000000,2.7831500006,159.462749,0.9246181506,1.7859254280,-1.6724196904,0.6265317338
134,12,6,2,115.9000060000,40.5000000000,2.7295480770,156.391585,0.8197176378,1.6967599921,-1.5547478307,0.6795245793
134,12,6,3,115.9000060000,40.6000000000,2.5612926189,146.751257,0.9891886343,1.8408103391,-1.5394663475,1.0092700677
134,12,6,4,115.8000060000,40.6000000000,2.6296288565,150.666635,1.0436890355,1.8871356801,-1.6451749641,0.9244892713
135,12,7,1,115.9000000000,40.5000000000,2.7295517467,156.391795,0.8197215076,1.6967632815,-1.5547533383,0.6795201912
135,12,7,2,116.0000000000,40.5000000000,2.6585598401,152.324258,0.7384355198,1.6276701918,-1.4414490239,0.7559993155
135,12,7,3,116.0000000000,40.6000000000,2.4750087093,141.807553,1.0256461483,1.8717992260,-1.4711189097,1.1573424282
135,12,7,4,115.9000000000,40.6000000000,2.5612972041,146.751520,0.9891951310,1.8408158613,-1.5394755935,1.0092660366
136,12,8,1,116.0000000000,40.5000000000,2.6585598401,152.324258,0.7384355198,1.6276701918,-1.4414490239,0.7559993155
136,12,8,2,116.1000000000,40.5000000000,2.5612979683,146.751564,0.6594630434,1.5605435869,-1.3050843480,0.8555998663
136,12,8,3,116.1000000000,40.6000000000,2.3645707766,135.479926,0.9377070110,1.7970509593,-1.2813060225,1.2600186614
136,12,8,4,116.0000000000,40.6000000000,2.4750087093,141.807553,1.0256461483,1.8717992260,-1.4711189097,1.1573424282
137,12,9,1,116.0999940000,40.5000000000,2.5613048460,146.751958,0.6594695401,1.5605491091,-1.3050948508,0.8555939179
137,12,9,2,116.1999940000,40.5000000000,2.4232714094,138.843224,0.6544556784,1.5562873266,-1.1717468046,1.0242263758
137,12,9,3,116.1999940000,40.6000000000,2.2223672326,127.332263,0.8190188236,1.6961660001,-1.0286165166,1.3486760774
137,12,9,4,116.0999940000,40.6000000000,2.3645782754,135.480356,0.9377122873,1.7970554442,-1.2813186690,1.2600121976
138,12,10,1,116.2000000000,40.5000000000,2.4232614993,138.842657,0.6544504020,1.5562828417,-1.1717332777,1.0242350362
138,12,10,2,116.3000000000,40.5000000000,2.2223583925,127.331756,0.5460069688,1.4641059234,-0.8878765869,1.1641655043
138,12,10,3,116.3000000000,40.6000000000,2.0411788693,116.950934,0.6891837005,1.5858061454,-0.7187306614,1.4135796289
138,12,10,4,116.2000000000,40.6000000000,2.2223575888,127.331710,0.8190111813,1.6961595041,-1.0285995708,1.3486808319
139,12,11,1,116.3000060000,40.5000000000,2.2223439265,127.330928,0.5459993264,1.4640994275,-0.8878558067,1.1641731830
139,12,11,2,116.4000060000,40.5000000000,1.9350903245,110.872509,0.4119373593,1.3501467554,-0.4810433987,1.2615440974
139,12,11,3,116.4000060000,40.6000000000,1.8197318669,104.262956,0.6368468404,1.5413198143,-0.3797387403,1.4938089768
139,12,11,4,116.3000060000,40.6000000000,2.0411667491,116.950240,0.6891762023,1.5857997720,-0.7187106399,1.4135826586
140,12,12,1,116.4000000000,40.5000000000,1.9351103000,110.873653,0.4119260325,1.3501371276,-0.4810651682,1.2615254921
140,12,12,2,116.5000000000,40.5000000000,1.5707963268,90.000000,0.2936183191,1.2495755712,0.0000000000,1.2495755712
140,12,12,3,116.5000000000,40.6000000000,1.5707963268,90.000000,0.4404282127,1.3743639808,0.0000000000,1.3743639808
140,12,12,4,116.4000000000,40.6000000000,1.8197461944,104.263777,0.6368462402,1.5413193041,-0.3797600171,1.4938030415
141,12,13,1,116.5000000000,40.5000000000,1.5707963268,90.000000,0.2936183191,1.2495755712,0.0000000000,1.2495755712
141,12,13,2,116.6000000000,40.5000000000,1.2064823535,69.126347,0.3507031689,1.2980976935,0.4625230819,1.2129014884
141,12,13,3,116.6000000000,40.6000000000,1.3218464592,75.736223,0.4782922524,1.4065484146,0.3465543113,1.3631869101
141,12,13,4,116.5000000000,40.6000000000,1.5707963268,90.000000,0.4404282127,1.3743639808,0.0000000000,1.3743639808
142,12,14,1,116.5999940000,40.5000000000,1.2065023291,69.127491,0.3506972824,1.2980926900,0.4624970707,1.2129060522
142,12,14,2,116.6999940000,40.5000000000,0.9192487271,52.669072,0.4574026057,1.3887922148,0.8421881801,1.1042929346
142,12,14,3,116.6999940000,40.6000000000,1.1004259045,63.049760,0.5616263244,1.4773823757,0.6695740859,1.3169393409
142,12,14,4,116.5999940000,40.6000000000,1.3218607866,75.737044,0.4782831274,1.4065406583,0.3465328693,1.3631843580
143,12,15,1,116.7000000000,40.5000000000,0.9192342611,52.668244,0.4574094529,1.3887980350,0.8422076842,1.1042853792
143,12,15,2,116.8000000000,40.5000000000,0.7183311543,41.157343,0.5006236032,1.4255300627,1.0732888445,0.9381828266
143,12,15,3,116.8000000000,40.6000000000,0.9192350648,52.668290,0.6861147523,1.5831975394,0.9600962089,1.2588604842
143,12,15,4,116.7000000000,40.6000000000,1.1004137843,63.049066,0.5616293795,1.4773849726,0.6695912244,1.3169335403
144,12,16,1,116.8000060000,40.5000000000,0.7183212442,41.156776,0.5006240505,1.4255304429,1.0732984281,0.9381724404
144,12,16,2,116.9000060000,40.5000000000,0.5802878076,33.248042,0.5335379630,1.4535072686,1.2155752361,0.7969066602
144,12,16,3,116.9000060000,40.6000000000,0.7770143781,44.519644,0.7585346187,1.6447544259,1.1727265058,1.1532257646
144,12,16,4,116.8000060000,40.6000000000,0.9192254209,52.667737,0.6861215995,1.5832033596,0.9601118786,1.2588558529
145,12,17,1,116.9000000000,40.5000000000,0.5802946853,33.248436,0.5335344793,1.4535043074,1.2155672788,0.7969133971
145,12,17,2,117.0000000000,40.5000000000,0.4830328135,27.675742,0.5279770733,1.4487805123,1.2830260490,0.6729109380
145,12,17,3,117.0000000000,40.6000000000,0.6665839442,38.192447,0.7546639081,1.6414643219,1.2900898611,1.0149252536
145,12,17,4,116.9000000000,40.6000000000,0.7770218770,44.520074,0.7585362609,1.6447558218,1.1727188531,1.1532355374
146,12,18,1,117.0000000000,40.5000000000,0.4830328135,27.675742,0.5279770733,1.4487805123,1.2830260490,0.6729109380
146,12,18,2,117.1000000000,40.5000000000,0.4120409069,23.608205,0.6570252265,1.5584714425,1.4280357811,0.6241370403
146,12,18,3,117.1000000000,40.6000000000,0.5802954495,33.248480,0.8003024722,1.6802571013,1.4052001901,0.9212363174
146,12,18,4,117.0000000000,40.6000000000,0.6665839442,38.192447,0.7546639081,1.6414643219,1.2900898611,1.0149252536
147,12,19,1,117.0999940000,40.5000000000,0.4120445765,23.608415,0.6570197268,1.5584667678,1.4280292072,0.6241404085
147,12,19,2,117.1999940000,40.5000000000,0.3584426529,20.537251,0.9247183101,1.7860105636,1.6724994152,0.6265616007
147,12,19,3,117.1999940000,40.6000000000,0.5119637971,29.333365,0.7821303128,1.6648107659,1.4513556290,0.8155744751
147,12,19,4,117.0999940000,40.6000000000,0.5803000347,33.248743,0.8002989885,1.6802541402,1.4051934896,0.9212411370
148,12,20,1,117.2000000000,40.5000000000,0.3584398371,20.537090,0.9247806542,1.7860635561,1.6725508041,0.6265754816
148,12,20,2,117.3000000000,40.5000000000,0.3167576684,18.148878,1.1016686545,1.9364183563,1.8400822322,0.6031694865
148,12,20,3,117.3000000000,40.6000000000,0.4569800330,26.183027,0.8032683714,1.6827781157,1.5101067691,0.7425090791
148,12,20,4,117.2000000000,40.6000000000,0.5119601365,29.333155,0.7821314930,1.6648117691,1.4513594891,0.8155696536
149,13,9,1,116.0999940000,40.6000000000,2.3645782754,135.480356,0.9377122873,1.7970554442,-1.2813186690,1.2600121976
149,13,9,2,116.1999940000,40.6000000000,2.2223672326,127.332263,0.8190188236,1.6961660001,-1.0286165166,1.3486760774
149,13,9,3,116.1999940000,40.7000000000,2.0903837348,119.770166,0.9605761591,1.8164897353,-0.9019271896,1.5767568940
149,13,9,4,116.0999940000,40.7000000000,2.2223644199,127.332102,1.0920230362,1.9282195807,-1.1693379030,1.5331926234
150,13,10,1,116.2000000000,40.6000000000,2.2223575888,127.331710,0.8190111813,1.6961595041,-1.0285995708,1.3486808319
150,13,10,2,116.3000000000,40.6000000000,2.0411788693,116.950934,0.6891837005,1.5858061454,-0.7187306614,1.4135796289
150,13,10,3,116.3000000000,40.7000000000,1.9351094677,110.873605,0.8238550685,1.7002768082,-0.6058215471,1.5886854558
150,13,10,4,116.2000000000,40.7000000000,2.0903751151,119.769672,0.9605686610,1.8164833618,-0.9019104339,1.5767591360
151,13,11,1,116.3000060000,40.6000000000,2.0411667491,116.950240,0.6891762023,1.5857997720,-0.7187106399,1.4135826586
151,13,11,2,116.4000060000,40.6000000000,1.8197318669,104.262956,0.6368468404,1.5413198143,-0.3797387403,1.4938089768
151,13,11,3,116.4000060000,40.7000000000,1.7591914527,100.794246,0.6482853429,1.5510425415,-0.2904833719,1.5235984957
151,13,11,4,116.3000060000,40.7000000000,1.9350994800,110.873033,0.8238663953,1.7002864360,-0.6058091101,1.5887005025
152,13,12,1,116.4000000000,40.6000000000,1.8197461944,104.263777,0.6368462402,1.5413193041,-0.3797600171,1.4938030415
152,13,12,2,116.5000000000,40.6000000000,1.5707963268,90.000000,0.4404282127,1.3743639808,0.0000000000,1.3743639808
152,13,12,3,116.5000000000,40.7000000000,1.5707963268,90.000000,0.5872381063,1.4991523903,0.0000000000,1.4991523903
152,13,12,4,116.4000000000,40.7000000000,1.7592024915,100.794878,0.6482936264,1.5510495825,-0.2905015092,1.5236022054
153,13,13,1,116.5000000000,40.6000000000,1.5707963268,90.000000,0.4404282127,1.3743639808,0.0000000000,1.3743639808
153,13,13,2,116.6000000000,40.6000000000,1.3218464592,75.736223,0.4782922524,1.4065484146,0.3465543113,1.3631869101
153,13,13,3,116.6000000000,40.7000000000,1.3823901621,79.205122,0.5367414912,1.4562302675,0.2727424676,1.4304608133
153,13,13,4,116.5000000000,40.7000000000,1.5707963268,90.000000,0.5872381063,1.4991523903,0.0000000000,1.4991523903
154,13,14,1,116.5999940000,40.6000000000,1.3218607866,75.737044,0.4782831274,1.4065406583,0.3465328693,1.3631843580
154,13,14,2,116.6999940000,40.6000000000,1.1004259045,63.049760,0.5616263244,1.4773823757,0.6695740859,1.3169393409
154,13,14,3,116.6999940000,40.7000000000,1.2064931736,69.126967,0.7014017143,1.5961914571,0.5687202495,1.4914370404
154,13,14,4,116.5999940000,40.7000000000,1.3824012009,79.205754,0.5367387898,1.4562279713,0.2727262470,1.4304615684
155,13,15,1,116.7000000000,40.6000000000,1.1004137843,63.049066,0.5616293795,1.4773849726,0.6695912244,1.3169335403
155,13,15,2,116.8000000000,40.6000000000,0.9192350648,52.668290,0.6861147523,1.5831975394,0.9600962089,1.2588604842
155,13,15,3,116.8000000000,40.7000000000,1.0512175385,60.230328,0.7829501812,1.6655076540,0.8269487970,1.4457079348
155,13,15,4,116.7000000000,40.7000000000,1.2064831859,69.126395,0.7014076007,1.5961964606,0.5687369283,1.4914360352
156,13,16,1,116.8000060000,40.6000000000,0.9192254209,52.667737,0.6861215995,1.5832033596,0.9601118786,1.2588558529
156,13,16,2,116.9000060000,40.6000000000,0.7770143781,44.519644,0.7585346187,1.6447544259,1.1727265058,1.1532257646
156,13,16,3,116.9000060000,40.7000000000,0.9192282337,52.667898,0.9148268989,1.7776028640,1.0779988058,1.4134321763
156,13,16,4,116.8000060000,40.7000000000,1.0512089187,60.229834,0.7829565211,1.6655130430,0.8269639343,1.4457054844
157,13,17,1,116.9000000000,40.6000000000,0.7770218770,44.520074,0.7585362609,1.6447558218,1.1727188531,1.1532355374
157,13,17,2,117.0000000000,40.6000000000,0.6665839442,38.192447,0.7546639081,1.6414643219,1.2900898611,1.0149252536
157,13,17,3,117.0000000000,40.7000000000,0.8092820743,46.368447,1.0046704080,1.8539698468,1.2792730099,1.3418885047
157,13,17,4,116.9000000000,40.7000000000,0.9192354666,52.668313,0.9148200517,1.7775970439,1.0779850531,1.4134353455
158,13,18,1,117.0000000000,40.6000000000,0.6665839442,38.192447,0.7546639081,1.6414643219,1.2900898611,1.0149252536
158,13,18,2,117.1000000000,40.6000000000,0.5802954495,33.248480,0.8003024722,1.6802571013,1.4052001901,0.9212363174
158,13,18,3,117.1000000000,40.7000000000,0.7183323930,41.157414,1.0012495977,1.8510621581,1.3936726172,1.2182396107
158,13,18,4,117.0000000000,40.7000000000,0.8092820743,46.368447,1.0046704080,1.8539698468,1.2792730099,1.3418885047
159,13,19,1,117.0999940000,40.6000000000,0.5803000347,33.248743,0.8002989885,1.6802541402,1.4051934896,0.9212411370
159,13,19,2,117.1999940000,40.6000000000,0.5119637971,29.333365,0.7821303128,1.6648107659,1.4513556290,0.8155744751
159,13,19,3,117.1999940000,40.7000000000,0.6430232901,36.842521,1.0090052073,1.8576544262,1.4866559446,1.1138824308
159,13,19,4,117.0999940000,40.7000000000,0.7183373482,41.157698,1.0012491505,1.8510617779,1.3936662944,1.2182462663
160,13,20,1,117.2000000000,40.6000000000,0.5119601365,29.333155,0.7821314930,1.6648117691,1.4513594891,0.8155696536
160,13,20,2,117.3000000000,40.6000000000,0.4569800330,26.183027,0.8032683714,1.6827781157,1.5101067691,0.7425090791
160,13,20,3,117.3000000000,40.7000000000,0.5802958316,33.248502,1.0670704650,1.9070098953,1.5948333109,1.0455589181
160,13,20,4,117.2000000000,40.7000000000,0.6430191769,36.842285,1.0090086910,1.8576573874,1.4866628959,1.1138780915
161,13,21,1,117.3000060000,40.6000000000,0.4569770633,26.182857,0.8032741174,1.6827829998,1.5101133571,0.7425067496
161,13,21,2,117.4000060000,40.6000000000,0.4120390721,23.608100,0.9855436071,1.8377120660,1.6839068196,0.7359643067
161,13,21,3,117.4000060000,40.7000000000,0.5276346100,30.231236,1.1130190218,1.9460661686,1.6814020243,0.9798269057
161,13,21,4,117.3000060000,40.7000000000,0.5802923927,33.248305,1.0670739487,1.9070128564,1.5948393828,1.0455550572
162,14,10,1,116.2000000000,40.7000000000,2.0903751151,119.769672,0.9605686610,1.8164833618,-0.9019104339,1.5767591360
162,14,10,2,116.3000000000,40.7000000000,1.9351094677,110.873605,0.8238550685,1.7002768082,-0.6058215471,1.5886854558
162,14,10,3,116.3000000000,40.8000000000,1.8668960956,106.965267,1.0776237038,1.9159801483,-0.5590675553,1.8326001738
162,14,10,4,116.2000000000,40.8000000000,1.9999539880,114.588923,1.0976064179,1.9329654552,-0.8043165859,1.7576775247
163,14,11,1,116.3000060000,40.7000000000,1.9350994800,110.873033,0.8238663953,1.7002864360,-0.6058091101,1.5887005025
163,14,11,2,116.4000060000,40.7000000000,1.7591914527,100.794246,0.6482853429,1.5510425415,-0.2904833719,1.5235984957
163,14,11,3,116.4000060000,40.8000000000,1.7221546135,98.672191,0.7783105734,1.6615639873,-0.2505323275,1.6425676354
163,14,11,4,116.3000060000,40.8000000000,1.8668877227,106.964787,1.0776052833,1.9159644908,-0.5590476426,1.8325898786
164,14,12,1,116.4000000000,40.7000000000,1.7592024915,100.794878,0.6482936264,1.5510495825,-0.2905015092,1.5236022054
164,14,12,2,116.5000000000,40.7000000000,1.5707963268,90.000000,0.5872381063,1.4991523903,0.0000000000,1.4991523903
164,14,12,3,116.5000000000,40.8000000000,1.5707963268,90.000000,0.7340479999,1.6239407999,0.0000000000,1.6239407999
164,14,12,4,116.4000000000,40.8000000000,1.7221635575,98.672703,0.7782934710,1.6615494503,-0.2505448265,1.6425510238
165,14,13,1,116.5000000000,40.7000000000,1.5707963268,90.000000,0.5872381063,1.4991523903,0.0000000000,1.4991523903
165,14,13,2,116.6000000000,40.7000000000,1.3823901621,79.205122,0.5367414912,1.4562302675,0.2727424676,1.4304608133
165,14,13,3,116.6000000000,40.8000000000,1.4194290961,81.327297,0.6596712595,1.5607205706,0.2353408528,1.5428750378
165,14,13,4,116.5000000000,40.8000000000,1.5707963268,90.000000,0.7340479999,1.6239407999,0.0000000000,1.6239407999
166,14,14,1,116.5999940000,40.7000000000,1.3824012009,79.205754,0.5367387898,1.4562279713,0.2727262470,1.4304615684
166,14,14,2,116.6999940000,40.7000000000,1.2064931736,69.126967,0.7014017143,1.5961914571,0.5687202495,1.4914370404
166,14,14,3,116.6999940000,40.8000000000,1.2747049308,73.035213,0.8395034305,1.7135779159,0.4999944931,1.6390103053
166,14,14,4,116.5999940000,40.8000000000,1.4194380400,81.327809,0.6596685581,1.5607182744,0.2353267072,1.5428748727
167,14,15,1,116.7000000000,40.7000000000,1.2064831859,69.126395,0.7014076007,1.5961964606,0.5687369283,1.4914360352
167,14,15,2,116.8000000000,40.7000000000,1.0512175385,60.230328,0.7829501812,1.6655076540,0.8269487970,1.4457079348
167,14,15,3,116.8000000000,40.8000000000,1.1416386656,65.411077,0.9190770412,1.7812154850,0.7411726649,1.6196887617
167,14,15,4,116.7000000000,40.8000000000,1.2746965580,73.034733,0.8395058036,1.7135799330,0.5000088048,1.6390080482
168,14,16,1,116.8000060000,40.7000000000,1.0512089187,60.229834,0.7829565211,1.6655130430,0.8269639343,1.4457054844
168,14,16,2,116.9000060000,40.7000000000,0.9192282337,52.667898,0.9148268989,1.7776028640,1.0779988058,1.4134321763
168,14,16,3,116.9000060000,40.8000000000,1.0229506228,58.610753,1.0051108550,1.8543442267,0.9658341286,1.5829582898
168,14,16,4,116.8000060000,40.8000000000,1.1416310982,65.410644,0.9190800963,1.7812180819,0.7411860023,1.6196855143
169,15,12,1,116.4000000000,40.8000020000,1.7221629612,98.672669,0.7782977243,1.6615530657,-0.2505443923,1.6425547472
169,15,12,2,116.5000000000,40.8000020000,1.5707963268,90.000000,0.7340509361,1.6239432957,0.0000000000,1.6239432957
169,15,12,3,116.5000000000,40.9000020000,1.5707963268,90.000000,0.8808608297,1.7487317052,0.0000000000,1.7487317052
169,15,12,4,116.4000000000,40.9000020000,1.6972294733,97.244086,0.9904470580,1.8418799993,-0.2322547493,1.8271780600
170,15,13,1,116.5000000000,40.8000020000,1.5707963268,90.000000,0.7340509361,1.6239432957,0.0000000000,1.6239432957
170,15,13,2,116.6000000000,40.8000020000,1.4194296924,81.327331,0.6596737181,1.5607226604,0.2353402480,1.5428772441
170,15,13,3,116.6000000000,40.9000020000,1.4443631803,82.755914,0.7946157576,1.6754233940,0.2112651424,1.6620501162
170,15,13,4,116.5000000000,40.9000020000,1.5707963268,90.000000,0.8808608297,1.7487317052,0.0000000000,1.7487317052
171,15,14,1,116.5999940000,40.8000020000,1.4194386363,81.327843,0.6596710167,1.5607203642,0.2353261024,1.5428770789
171,15,14,2,116.6999940000,40.8000020000,1.2747060472,73.035277,0.8395064721,1.7135805013,0.4999934177,1.6390133363
171,15,14,3,116.6999940000,40.9000020000,1.3218548168,75.736702,0.9565786420,1.8130918457,0.4467063720,1.7572010295
171,15,14,4,116.5999940000,40.9000020000,1.4443706857,82.756344,0.7946173778,1.6754247711,0.2112528417,1.6620530679
172,15,15,1,116.7000000000,40.8000020000,1.2746976744,73.034797,0.8395088452,1.7135825184,0.5000077294,1.6390110792
172,15,15,2,116.8000000000,40.8000020000,1.1416401791,65.411164,0.9190801065,1.7812180905,0.7411712977,1.6196922527
172,15,15,3,116.8000000000,40.9000020000,1.2064845730,69.126474,1.0521145585,1.8942973748,0.6749500940,1.7699731395
172,15,15,4,116.7000000000,40.9000020000,1.3218476531,75.736292,0.9565877670,1.8130996019,0.4467208710,1.7572053465
173,16,12,1,116.4000000000,40.9000000000,1.6972298903,97.244110,0.9904436820,1.8418771297,-0.2322551494,1.8271751165
173,16,12,2,116.5000000000,40.9000000000,1.5707963268,90.000000,0.8808578935,1.7487292094,0.0000000000,1.7487292094
173,16,12,3,116.5000000000,41.0000000000,1.5707963268,90.000000,1.0276677870,1.8735176190,0.0000000000,1.8735176190
173,16,12,4,116.4000000000,41.0000000000,1.6793210287,96.218007,1.1592426671,1.9853562671,-0.2150375116,1.9736763604
174,16,13,1,116.5000000000,40.9000000000,1.5707963268,90.000000,0.8808578935,1.7487292094,0.0000000000,1.7487292094
174,16,13,2,116.6000000000,40.9000000000,1.4443627633,82.755890,0.7946130189,1.6754210660,0.2112655419,1.6620477187
174,16,13,3,116.6000000000,41.0000000000,1.4622716249,83.781993,1.0197957538,1.8668263907,0.2021993273,1.8558437987
174,16,13,4,116.5000000000,41.0000000000,1.5707963268,90.000000,1.0276677870,1.8735176190,0.0000000000,1.8735176190
175,16,14,1,116.5999940000,40.9000000000,1.4443702687,82.756320,0.7946146391,1.6754224432,0.2112532412,1.6620506705
175,16,14,2,116.6999940000,40.9000000000,1.3218540209,75.736657,0.9565764672,1.8130899971,0.4467073152,1.7571988824
175,16,14,3,116.6999940000,41.0000000000,1.3562509016,77.707453,1.0653130127,1.9055160608,0.4056906527,1.8618288193
175,16,14,4,116.5999940000,41.0000000000,1.4622780854,83.782363,1.0197940326,1.8668249277,0.2021871792,1.8558436506
176,17,14,1,116.5999940000,41.0000000000,1.4622780854,83.782363,1.0197940326,1.8668249277,0.2021871792,1.8558436506
176,17,14,2,116.6999940000,41.0000000000,1.3562509016,77.707453,1.0653130127,1.9055160608,0.4056906527,1.8618288193
176,17,14,3,116.6999940000,41.1000000000,1.3823959114,79.205451,1.0734815103,1.9124592838,0.3581803973,1.8786184592
176,17,14,4,116.5999940000,41.1000000000,1.4757555851,84.554567,1.1613813613,1.9871741571,0.1885783098,1.9782060943
